t_source [s],X [m],Y [m],Z [m],V [m/s],PsiB [deg],ThetaB [deg],PhiB [deg],PsiWB [deg],ThetaWB [deg],PhiWB [deg],M_0 [-],TS [-],c_0 [m/s],T_0 [K],p_0 [Pa],rho_0 [kg/m3],mu_0 [kg/ms],I_0 [kg/m2s],alpha [deg],gamma [deg],Airframe LG [-],Airframe delta_f [deg]
0,-5815.8888,0,304.8,82.45356026,0,11.1,0,0,-14.1,0,0.239,0.346,344.993976,296.2191226,97834.26355,1.150789769,1.83E-05,3.97E+02,14.10000003,-3.000000025,1,20
0.5,-5774.64936,0,302.63592,82.45356026,0,11.1,0,0,-14.1,0,0.239,0.346,344.993976,296.2191226,97834.26355,1.150789769,1.83E-05,3.97E+02,14.10000003,-3.000000025,1,20
1,-5733.4404,0,300.47184,82.45356026,0,11.1,0,0,-14.1,0,0.239,0.346,344.993976,296.2191226,97834.26355,1.150789769,1.83E-05,3.97E+02,14.10000003,-3.000000025,1,20
1.5,-5692.20096,0,298.30776,82.45356026,0,11.1,0,0,-14.1,0,0.239,0.346,344.993976,296.2191226,97834.26355,1.150789769,1.83E-05,3.97E+02,14.10000003,-3.000000025,1,20
2,-5650.96152,0,296.14368,82.45356026,0,11.1,0,0,-14.1,0,0.239,0.346,344.993976,296.2191226,97834.26355,1.150789769,1.83E-05,3.97E+02,14.10000003,-3.000000025,1,20
2.5,-5609.75256,0,294.01008,82.45356026,0,11.1,0,0,-14.1,0,0.239,0.346,344.993976,296.2191226,97834.26355,1.150789769,1.83E-05,3.97E+02,14.10000003,-3.000000025,1,20
3,-5568.51312,0,291.846,82.45356026,0,11.1,0,0,-14.1,0,0.239,0.346,344.993976,296.2191226,97834.26355,1.150789769,1.83E-05,3.97E+02,14.10000003,-3.000000025,1,20
3.5,-5527.27368,0,289.68192,82.45356026,0,11.1,0,0,-14.1,0,0.239,0.346,344.993976,296.2191226,97834.26355,1.150789769,1.83E-05,3.97E+02,14.10000003,-3.000000025,1,20
4,-5486.06472,0,287.51784,82.45356026,0,11.1,0,0,-14.1,0,0.239,0.346,344.993976,296.2191226,97834.26355,1.150789769,1.83E-05,3.97E+02,14.10000003,-3.000000025,1,20
4.5,-5444.82528,0,285.35376,82.45356026,0,11.1,0,0,-14.1,0,0.239,0.345,344.993976,296.2191226,97834.26355,1.150789769,1.83E-05,3.97E+02,14.10000003,-3.000000025,1,20
5,-5403.61632,0,283.18968,82.45356026,0,11.1,0,0,-14.1,0,0.239,0.345,344.993976,296.2191226,97834.26355,1.150789769,1.83E-05,3.97E+02,14.10000003,-3.000000025,1,20
5.5,-5362.37688,0,281.0256,82.45356026,0,11.1,0,0,-14.1,0,0.239,0.345,344.993976,296.2191226,97834.26355,1.150789769,1.83E-05,3.97E+02,14.10000003,-3.000000025,1,20
6,-5321.13744,0,278.86152,82.45356026,0,11.1,0,0,-14.1,0,0.239,0.345,344.993976,296.2191226,97834.26355,1.150789769,1.83E-05,3.97E+02,14.10000003,-3.000000025,1,20
6.5,-5279.92848,0,276.69744,82.45356026,0,11.1,0,0,-14.1,0,0.239,0.345,344.993976,296.2191226,97834.26355,1.150789769,1.83E-05,3.97E+02,14.10000003,-3.000000025,1,20
7,-5238.68904,0,274.56384,82.45356026,0,11.1,0,0,-14.1,0,0.239,0.345,344.993976,296.2191226,97834.26355,1.150789769,1.83E-05,3.97E+02,14.10000003,-3.000000025,1,20
7.5,-5197.4496,0,272.39976,82.45356026,0,11.1,0,0,-14.1,0,0.239,0.345,344.993976,296.2191226,97834.26355,1.150789769,1.83E-05,3.97E+02,14.10000003,-3.000000025,1,20
8,-5156.24064,0,270.23568,82.45356026,0,11.1,0,0,-14.1,0,0.239,0.345,344.993976,296.2191226,97834.26355,1.150789769,1.83E-05,3.97E+02,14.10000003,-3.000000025,1,20
8.5,-5115.0012,0,268.0716,82.45356026,0,11.1,0,0,-14.1,0,0.239,0.345,344.993976,296.2191226,97834.26355,1.150789769,1.83E-05,3.97E+02,14.10000003,-3.000000025,1,20
9,-5073.76176,0,265.90752,82.45356026,0,11.1,0,0,-14.1,0,0.239,0.345,344.993976,296.2191226,97834.26355,1.150789769,1.83E-05,3.97E+02,14.10000003,-3.000000025,1,20
9.5,-5032.5528,0,263.74344,82.45356026,0,11.1,0,0,-14.1,0,0.239,0.345,344.993976,296.2191226,97834.26355,1.150789769,1.83E-05,3.97E+02,14.10000003,-3.000000025,1,20
10,-4991.31336,0,261.57936,82.45356026,0,11.1,0,0,-14.1,0,0.239,0.345,344.993976,296.2191226,97834.26355,1.150789769,1.83E-05,3.97E+02,14.10000003,-3.000000025,1,20
10.5,-4950.07392,0,259.41528,82.45356026,0,11.1,0,0,-14.1,0,0.239,0.345,344.993976,296.2191226,97834.26355,1.150789769,1.83E-05,3.97E+02,14.10000003,-3.000000025,1,20
11,-4908.86496,0,257.2512,82.45356026,0,11.1,0,0,-14.1,0,0.239,0.345,344.993976,296.2191226,97834.26355,1.150789769,1.83E-05,3.97E+02,14.10000003,-3.000000025,1,20
11.5,-4867.62552,0,255.1176,82.45356026,0,11.1,0,0,-14.1,0,0.239,0.345,344.993976,296.2191226,97834.26355,1.150789769,1.83E-05,3.97E+02,14.10000003,-3.000000025,1,20
12,-4826.41656,0,252.95352,82.45356026,0,11.1,0,0,-14.1,0,0.239,0.345,344.993976,296.2191226,97834.26355,1.150789769,1.83E-05,3.97E+02,14.10000003,-3.000000025,1,20
12.5,-4785.17712,0,250.78944,82.45356026,0,11.1,0,0,-14.1,0,0.239,0.344,344.993976,296.2191226,97834.26355,1.150789769,1.83E-05,3.97E+02,14.10000003,-3.000000025,1,20
13,-4743.93768,0,248.62536,82.45356026,0,11.1,0,0,-14.1,0,0.239,0.344,344.993976,296.2191226,97834.26355,1.150789769,1.83E-05,3.97E+02,14.10000003,-3.000000025,1,20
13.5,-4702.72872,0,246.46128,82.45356026,0,11.1,0,0,-14.1,0,0.239,0.344,344.993976,296.2191226,97834.26355,1.150789769,1.83E-05,3.97E+02,14.10000003,-3.000000025,1,20
14,-4661.48928,0,244.2972,82.45356026,0,11.1,0,0,-14.1,0,0.239,0.344,344.993976,296.2191226,97834.26355,1.150789769,1.83E-05,3.97E+02,14.10000003,-3.000000025,1,20
14.5,-4620.24984,0,242.13312,82.45356026,0,11.1,0,0,-14.1,0,0.239,0.344,344.993976,296.2191226,97834.26355,1.150789769,1.83E-05,3.97E+02,14.10000003,-3.000000025,1,20
15,-4579.04088,0,239.96904,82.45356026,0,11.1,0,0,-14.1,0,0.239,0.344,344.993976,296.2191226,97834.26355,1.150789769,1.83E-05,3.97E+02,14.10000003,-3.000000025,1,20
15.5,-4537.80144,0,237.80496,82.45356026,0,11.1,0,0,-14.1,0,0.239,0.344,344.993976,296.2191226,97834.26355,1.150789769,1.83E-05,3.97E+02,14.10000003,-3.000000025,1,20
16,-4496.562,0,235.67136,82.45356026,0,11.1,0,0,-14.1,0,0.239,0.344,344.993976,296.2191226,97834.26355,1.150789769,1.83E-05,3.97E+02,14.10000003,-3.000000025,1,20
16.5,-4455.35304,0,233.50728,82.45356026,0,11.1,0,0,-14.1,0,0.239,0.344,344.993976,296.2191226,97834.26355,1.150789769,1.83E-05,3.97E+02,14.10000003,-3.000000025,1,20
17,-4414.1136,0,231.3432,82.45356026,0,11.1,0,0,-14.1,0,0.239,0.344,344.993976,296.2191226,97834.26355,1.150789769,1.83E-05,3.97E+02,14.10000003,-3.000000025,1,20
17.5,-4372.87416,0,229.17912,82.45356026,0,11.1,0,0,-14.1,0,0.239,0.344,344.993976,296.2191226,97834.26355,1.150789769,1.83E-05,3.97E+02,14.10000003,-3.000000025,1,20
18,-4331.6652,0,227.01504,82.45356026,0,11.1,0,0,-14.1,0,0.239,0.344,344.993976,296.2191226,97834.26355,1.150789769,1.83E-05,3.97E+02,14.10000003,-3.000000025,1,20
18.5,-4290.42576,0,224.85096,82.45356026,0,11.1,0,0,-14.1,0,0.239,0.344,344.993976,296.2191226,97834.26355,1.150789769,1.83E-05,3.97E+02,14.10000003,-3.000000025,1,20
19,-4249.2168,0,222.68688,82.45356026,0,11.1,0,0,-14.1,0,0.239,0.344,344.993976,296.2191226,97834.26355,1.150789769,1.83E-05,3.97E+02,14.10000003,-3.000000025,1,20
19.5,-4207.97736,0,220.5228,82.45356026,0,11.1,0,0,-14.1,0,0.239,0.344,344.993976,296.2191226,97834.26355,1.150789769,1.83E-05,3.97E+02,14.10000003,-3.000000025,1,20
20,-4166.73792,0,218.35872,82.45356026,0,11.1,0,0,-14.1,0,0.239,0.343,344.993976,296.2191226,97834.26355,1.150789769,1.83E-05,3.97E+02,14.10000003,-3.000000025,1,20
20.5,-4125.52896,0,216.22512,82.45356026,0,11.1,0,0,-14.1,0,0.239,0.343,344.993976,296.2191226,97834.26355,1.150789769,1.83E-05,3.97E+02,14.10000003,-3.000000025,1,20
21,-4084.28952,0,214.06104,82.45356026,0,11.1,0,0,-14.1,0,0.239,0.343,344.993976,296.2191226,97834.26355,1.150789769,1.83E-05,3.97E+02,14.10000003,-3.000000025,1,20
21.5,-4043.05008,0,211.89696,82.45356026,0,11.1,0,0,-14.1,0,0.239,0.343,344.993976,296.2191226,97834.26355,1.150789769,1.83E-05,3.97E+02,14.10000003,-3.000000025,1,20
22,-4001.84112,0,209.73288,82.45356026,0,11.1,0,0,-14.1,0,0.239,0.343,344.993976,296.2191226,97834.26355,1.150789769,1.83E-05,3.97E+02,14.10000003,-3.000000025,1,20
22.5,-3960.60168,0,207.5688,82.45356026,0,11.1,0,0,-14.1,0,0.239,0.343,344.993976,296.2191226,97834.26355,1.150789769,1.83E-05,3.97E+02,14.10000003,-3.000000025,1,20
23,-3919.36224,0,205.40472,82.45356026,0,11.1,0,0,-14.1,0,0.239,0.343,344.993976,296.2191226,97834.26355,1.150789769,1.83E-05,3.97E+02,14.10000003,-3.000000025,1,20
23.5,-3878.15328,0,203.24064,82.45356026,0,11.1,0,0,-14.1,0,0.239,0.343,344.993976,296.2191226,97834.26355,1.150789769,1.83E-05,3.97E+02,14.10000003,-3.000000025,1,20
24,-3836.91384,0,201.07656,82.45356026,0,11.1,0,0,-14.1,0,0.239,0.343,344.993976,296.2191226,97834.26355,1.150789769,1.83E-05,3.97E+02,14.10000003,-3.000000025,1,20
24.5,-3795.6744,0,198.91248,82.45356026,0,11.1,0,0,-14.1,0,0.239,0.343,344.993976,296.2191226,97834.26355,1.150789769,1.83E-05,3.97E+02,14.10000003,-3.000000025,1,20
25,-3754.46544,0,196.77888,82.45356026,0,11.1,0,0,-14.1,0,0.239,0.343,344.993976,296.2191226,97834.26355,1.150789769,1.83E-05,3.97E+02,14.10000003,-3.000000025,1,20
25.5,-3713.226,0,194.6148,82.45356026,0,11.1,0,0,-14.1,0,0.239,0.343,344.993976,296.2191226,97834.26355,1.150789769,1.83E-05,3.97E+02,14.10000003,-3.000000025,1,20
26,-3672.01704,0,192.45072,82.45356026,0,11.1,0,0,-14.1,0,0.239,0.343,344.993976,296.2191226,97834.26355,1.150789769,1.83E-05,3.97E+02,14.10000003,-3.000000025,1,20
26.5,-3630.7776,0,190.28664,82.45356026,0,11.1,0,0,-14.1,0,0.239,0.343,344.993976,296.2191226,97834.26355,1.150789769,1.83E-05,3.97E+02,14.10000003,-3.000000025,1,20
27,-3589.53816,0,188.12256,82.45356026,0,11.1,0,0,-14.1,0,0.239,0.343,344.993976,296.2191226,97834.26355,1.150789769,1.83E-05,3.97E+02,14.10000003,-3.000000025,1,20
27.5,-3548.3292,0,185.95848,82.45356026,0,11.1,0,0,-14.1,0,0.239,0.343,344.993976,296.2191226,97834.26355,1.150789769,1.83E-05,3.97E+02,14.10000003,-3.000000025,1,20
28,-3507.08976,0,183.7944,82.45356026,0,11.1,0,0,-14.1,0,0.239,0.342,344.993976,296.2191226,97834.26355,1.150789769,1.83E-05,3.97E+02,14.10000003,-3.000000025,1,20
28.5,-3465.85032,0,181.63032,82.45356026,0,11.1,0,0,-14.1,0,0.239,0.342,344.993976,296.2191226,97834.26355,1.150789769,1.83E-05,3.97E+02,14.10000003,-3.000000025,1,20
29,-3424.64136,0,179.46624,82.45356026,0,11.1,0,0,-14.1,0,0.239,0.342,344.993976,296.2191226,97834.26355,1.150789769,1.83E-05,3.97E+02,14.10000003,-3.000000025,1,20
29.5,-3383.40192,0,177.33264,82.45356026,0,11.1,0,0,-14.1,0,0.239,0.342,344.993976,296.2191226,97834.26355,1.150789769,1.83E-05,3.97E+02,14.10000003,-3.000000025,1,20
30,-3342.16248,0,175.16856,82.45356026,0,11.1,0,0,-14.1,0,0.239,0.342,344.993976,296.2191226,97834.26355,1.150789769,1.83E-05,3.97E+02,14.10000003,-3.000000025,1,20
30.5,-3300.95352,0,173.00448,82.45356026,0,11.1,0,0,-14.1,0,0.239,0.342,344.993976,296.2191226,97834.26355,1.150789769,1.83E-05,3.97E+02,14.10000003,-3.000000025,1,20
31,-3259.71408,0,170.8404,82.45356026,0,11.1,0,0,-14.1,0,0.239,0.342,344.993976,296.2191226,97834.26355,1.150789769,1.83E-05,3.97E+02,14.10000003,-3.000000025,1,20
31.5,-3218.47464,0,168.67632,82.45356026,0,11.1,0,0,-14.1,0,0.239,0.342,344.993976,296.2191226,97834.26355,1.150789769,1.83E-05,3.97E+02,14.10000003,-3.000000025,1,20
32,-3177.26568,0,166.51224,82.45356026,0,11.1,0,0,-14.1,0,0.239,0.342,344.993976,296.2191226,97834.26355,1.150789769,1.83E-05,3.97E+02,14.10000003,-3.000000025,1,20
32.5,-3136.02624,0,164.34816,82.45356026,0,11.1,0,0,-14.1,0,0.239,0.342,344.993976,296.2191226,97834.26355,1.150789769,1.83E-05,3.97E+02,14.10000003,-3.000000025,1,20
33,-3094.81728,0,162.18408,82.45356026,0,11.1,0,0,-14.1,0,0.239,0.342,344.993976,296.2191226,97834.26355,1.150789769,1.83E-05,3.97E+02,14.10000003,-3.000000025,1,20
33.5,-3053.57784,0,160.02,82.45356026,0,11.1,0,0,-14.1,0,0.239,0.342,344.993976,296.2191226,97834.26355,1.150789769,1.83E-05,3.97E+02,14.10000003,-3.000000025,1,20
34,-3012.3384,0,157.8864,82.45356026,0,11.1,0,0,-14.1,0,0.239,0.342,344.993976,296.2191226,97834.26355,1.150789769,1.83E-05,3.97E+02,14.10000003,-3.000000025,1,20
34.5,-2971.12944,0,155.72232,82.45356026,0,11.1,0,0,-14.1,0,0.239,0.342,344.993976,296.2191226,97834.26355,1.150789769,1.83E-05,3.97E+02,14.10000003,-3.000000025,1,20
35,-2929.89,0,153.55824,82.45356026,0,11.1,0,0,-14.1,0,0.239,0.342,344.993976,296.2191226,97834.26355,1.150789769,1.83E-05,3.97E+02,14.10000003,-3.000000025,1,20
35.5,-2888.65056,0,151.39416,82.45356026,0,11.1,0,0,-14.1,0,0.239,0.342,344.993976,296.2191226,97834.26355,1.150789769,1.83E-05,3.97E+02,14.10000003,-3.000000025,1,20
36,-2847.4416,0,149.23008,82.45356026,0,11.1,0,0,-14.1,0,0.239,0.341,344.993976,296.2191226,97834.26355,1.150789769,1.83E-05,3.97E+02,14.10000003,-3.000000025,1,20
36.5,-2806.20216,0,147.066,82.45356026,0,11.1,0,0,-14.1,0,0.239,0.341,344.993976,296.2191226,97834.26355,1.150789769,1.83E-05,3.97E+02,14.10000003,-3.000000025,1,20
37,-2764.96272,0,144.90192,82.45356026,0,11.1,0,0,-14.1,0,0.239,0.341,344.993976,296.2191226,97834.26355,1.150789769,1.83E-05,3.97E+02,14.10000003,-3.000000025,1,20
37.5,-2723.75376,0,142.73784,82.45356026,0,11.1,0,0,-14.1,0,0.239,0.341,344.993976,296.2191226,97834.26355,1.150789769,1.83E-05,3.97E+02,14.10000003,-3.000000025,1,20
38,-2682.51432,0,140.57376,82.45356026,0,11.1,0,0,-14.1,0,0.239,0.341,344.993976,296.2191226,97834.26355,1.150789769,1.83E-05,3.97E+02,14.10000003,-3.000000025,1,20
38.5,-2641.27488,0,138.44016,82.45356026,0,11.1,0,0,-14.1,0,0.239,0.341,344.993976,296.2191226,97834.26355,1.150789769,1.83E-05,3.97E+02,14.10000003,-3.000000025,1,20
39,-2600.06592,0,136.27608,82.45356026,0,11.1,0,0,-14.1,0,0.239,0.341,344.993976,296.2191226,97834.26355,1.150789769,1.83E-05,3.97E+02,14.10000003,-3.000000025,1,20
39.5,-2558.82648,0,134.112,82.45356026,0,11.1,0,0,-14.1,0,0.239,0.341,344.993976,296.2191226,97834.26355,1.150789769,1.83E-05,3.97E+02,14.10000003,-3.000000025,1,20
40,-2517.61752,0,131.94792,82.45356026,0,11.1,0,0,-14.1,0,0.239,0.341,344.993976,296.2191226,97834.26355,1.150789769,1.83E-05,3.97E+02,14.10000003,-3.000000025,1,20
40.5,-2476.37808,0,129.78384,82.45356026,0,11.1,0,0,-14.1,0,0.239,0.341,344.993976,296.2191226,97834.26355,1.150789769,1.83E-05,3.97E+02,14.10000003,-3.000000025,1,20
41,-2435.13864,0,127.61976,82.45356026,0,11.1,0,0,-14.1,0,0.239,0.341,344.993976,296.2191226,97834.26355,1.150789769,1.83E-05,3.97E+02,14.10000003,-3.000000025,1,20
41.5,-2393.92968,0,125.45568,82.45356026,0,11.1,0,0,-14.1,0,0.239,0.341,344.993976,296.2191226,97834.26355,1.150789769,1.83E-05,3.97E+02,14.10000003,-3.000000025,1,20
42,-2352.69024,0,123.2916,82.45356026,0,11.1,0,0,-14.1,0,0.239,0.341,344.993976,296.2191226,97834.26355,1.150789769,1.83E-05,3.97E+02,14.10000003,-3.000000025,1,20
42.5,-2311.4508,0,121.12752,82.45356026,0,11.1,0,0,-14.1,0,0.239,0.341,344.993976,296.2191226,97834.26355,1.150789769,1.83E-05,3.97E+02,14.10000003,-3.000000025,1,20
43,-2270.24184,0,118.96344,82.45356026,0,11.1,0,0,-14.1,0,0.239,0.341,344.993976,296.2191226,97834.26355,1.150789769,1.83E-05,3.97E+02,14.10000003,-3.000000025,1,20
43.5,-2229.0024,0,116.82984,82.45356026,0,11.1,0,0,-14.1,0,0.239,0.34,344.993976,296.2191226,97834.26355,1.150789769,1.83E-05,3.97E+02,14.10000003,-3.000000025,1,20
44,-2187.76296,0,114.66576,82.45356026,0,11.1,0,0,-14.1,0,0.239,0.34,344.993976,296.2191226,97834.26355,1.150789769,1.83E-05,3.97E+02,14.10000003,-3.000000025,1,20
44.5,-2146.554,0,112.50168,82.45356026,0,11.1,0,0,-14.1,0,0.239,0.34,344.993976,296.2191226,97834.26355,1.150789769,1.83E-05,3.97E+02,14.10000003,-3.000000025,1,20
45,-2105.31456,0,110.3376,82.45356026,0,11.1,0,0,-14.1,0,0.239,0.34,344.993976,296.2191226,97834.26355,1.150789769,1.83E-05,3.97E+02,14.10000003,-3.000000025,1,20
45.5,-2064.07512,0,108.17352,82.45356026,0,11.1,0,0,-14.1,0,0.239,0.34,344.993976,296.2191226,97834.26355,1.150789769,1.83E-05,3.97E+02,14.10000003,-3.000000025,1,20
46,-2022.86616,0,106.00944,82.45356026,0,11.1,0,0,-14.1,0,0.239,0.34,344.993976,296.2191226,97834.26355,1.150789769,1.83E-05,3.97E+02,14.10000003,-3.000000025,1,20
46.5,-1981.62672,0,103.84536,82.45356026,0,11.1,0,0,-14.1,0,0.239,0.34,344.993976,296.2191226,97834.26355,1.150789769,1.83E-05,3.97E+02,14.10000003,-3.000000025,1,20
47,-1940.38728,0,101.68128,82.45356026,0,11.1,0,0,-14.1,0,0.239,0.34,344.993976,296.2191226,97834.26355,1.150789769,1.83E-05,3.97E+02,14.10000003,-3.000000025,1,20
47.5,-1899.17832,0,99.5172,82.45356026,0,11.1,0,0,-14.1,0,0.239,0.34,344.993976,296.2191226,97834.26355,1.150789769,1.83E-05,3.97E+02,14.10000003,-3.000000025,1,20
48,-1857.93888,0,97.3836,82.45356026,0,11.1,0,0,-14.1,0,0.239,0.34,344.993976,296.2191226,97834.26355,1.150789769,1.83E-05,3.97E+02,14.10000003,-3.000000025,1,20
48.5,-1816.72992,0,95.21952,82.45356026,0,11.1,0,0,-14.1,0,0.239,0.34,344.993976,296.2191226,97834.26355,1.150789769,1.83E-05,3.97E+02,14.10000003,-3.000000025,1,20
49,-1775.49048,0,93.05544,82.45356026,0,11.1,0,0,-14.1,0,0.239,0.34,344.993976,296.2191226,97834.26355,1.150789769,1.83E-05,3.97E+02,14.10000003,-3.000000025,1,20
49.5,-1734.25104,0,90.89136,82.45356026,0,11.1,0,0,-14.1,0,0.239,0.34,344.993976,296.2191226,97834.26355,1.150789769,1.83E-05,3.97E+02,14.10000003,-3.000000025,1,20
50,-1693.04208,0,88.72728,82.45356026,0,11.1,0,0,-14.1,0,0.239,0.34,344.993976,296.2191226,97834.26355,1.150789769,1.83E-05,3.97E+02,14.10000003,-3.000000025,1,20
50.5,-1651.80264,0,86.5632,82.45356026,0,11.1,0,0,-14.1,0,0.239,0.34,344.993976,296.2191226,97834.26355,1.150789769,1.83E-05,3.97E+02,14.10000003,-3.000000025,1,20
51,-1610.5632,0,84.39912,82.45356026,0,11.1,0,0,-14.1,0,0.239,0.34,344.993976,296.2191226,97834.26355,1.150789769,1.83E-05,3.97E+02,14.10000003,-3.000000025,1,20
51.5,-1569.35424,0,82.23504,82.45356026,0,11.1,0,0,-14.1,0,0.239,0.339,344.993976,296.2191226,97834.26355,1.150789769,1.83E-05,3.97E+02,14.10000003,-3.000000025,1,20
52,-1528.1148,0,80.07096,82.45356026,0,11.1,0,0,-14.1,0,0.239,0.339,344.993976,296.2191226,97834.26355,1.150789769,1.83E-05,3.97E+02,14.10000003,-3.000000025,1,20
52.5,-1486.87536,0,77.93736,82.45356026,0,11.1,0,0,-14.1,0,0.239,0.339,344.993976,296.2191226,97834.26355,1.150789769,1.83E-05,3.97E+02,14.10000003,-3.000000025,1,20
53,-1445.6664,0,75.77328,82.45356026,0,11.1,0,0,-14.1,0,0.239,0.339,344.993976,296.2191226,97834.26355,1.150789769,1.83E-05,3.97E+02,14.10000003,-3.000000025,1,20
53.5,-1404.42696,0,73.6092,82.45356026,0,11.1,0,0,-14.1,0,0.239,0.339,344.993976,296.2191226,97834.26355,1.150789769,1.83E-05,3.97E+02,14.10000003,-3.000000025,1,20
54,-1363.18752,0,71.44512,82.45356026,0,11.1,0,0,-14.1,0,0.239,0.339,344.993976,296.2191226,97834.26355,1.150789769,1.83E-05,3.97E+02,14.10000003,-3.000000025,1,20
54.5,-1321.97856,0,69.28104,82.45356026,0,11.1,0,0,-14.1,0,0.239,0.339,344.993976,296.2191226,97834.26355,1.150789769,1.83E-05,3.97E+02,14.10000003,-3.000000025,1,20
55,-1280.73912,0,67.11696,82.45356026,0,11.1,0,0,-14.1,0,0.239,0.339,344.993976,296.2191226,97834.26355,1.150789769,1.83E-05,3.97E+02,14.10000003,-3.000000025,1,20
55.5,-1239.53016,0,64.95288,82.45356026,0,11.1,0,0,-14.1,0,0.239,0.339,344.993976,296.2191226,97834.26355,1.150789769,1.83E-05,3.97E+02,14.10000003,-3.000000025,1,20
56,-1198.29072,0,62.7888,82.45356026,0,11.1,0,0,-14.1,0,0.239,0.339,344.993976,296.2191226,97834.26355,1.150789769,1.83E-05,3.97E+02,14.10000003,-3.000000025,1,20
56.5,-1157.05128,0,60.62472,82.45356026,0,11.1,0,0,-14.1,0,0.239,0.339,344.993976,296.2191226,97834.26355,1.150789769,1.83E-05,3.97E+02,14.10000003,-3.000000025,1,20
57,-1115.84232,0,58.49112,82.45356026,0,11.1,0,0,-14.1,0,0.239,0.339,344.993976,296.2191226,97834.26355,1.150789769,1.83E-05,3.97E+02,14.10000003,-3.000000025,1,20
57.5,-1074.60288,0,56.32704,82.45356026,0,11.1,0,0,-14.1,0,0.239,0.339,344.993976,296.2191226,97834.26355,1.150789769,1.83E-05,3.97E+02,14.10000003,-3.000000025,1,20
58,-1033.36344,0,54.16296,82.45356026,0,11.1,0,0,-14.1,0,0.239,0.339,344.993976,296.2191226,97834.26355,1.150789769,1.83E-05,3.97E+02,14.10000003,-3.000000025,1,20
58.5,-992.15448,0,51.99888,82.45356026,0,11.1,0,0,-14.1,0,0.239,0.339,344.993976,296.2191226,97834.26355,1.150789769,1.83E-05,3.97E+02,14.10000003,-3.000000025,1,20
59,-950.91504,0,49.8348,82.45356026,0,11.1,0,0,-14.1,0,0.239,0.339,344.993976,296.2191226,97834.26355,1.150789769,1.83E-05,3.97E+02,14.10000003,-3.000000025,1,20
59.5,-909.6756,0,47.67072,82.45356026,0,11.1,0,0,-14.1,0,0.239,0.338,344.993976,296.2191226,97834.26355,1.150789769,1.83E-05,3.97E+02,14.10000003,-3.000000025,1,20
60,-868.46664,0,45.50664,82.45356026,0,11.1,0,0,-14.1,0,0.239,0.338,344.993976,296.2191226,97834.26355,1.150789769,1.83E-05,3.97E+02,14.10000003,-3.000000025,1,20
60.5,-827.2272,0,43.34256,82.45356026,0,11.1,0,0,-14.1,0,0.239,0.338,344.993976,296.2191226,97834.26355,1.150789769,1.83E-05,3.97E+02,14.10000003,-3.000000025,1,20
61,-785.98776,0,41.17848,82.45356026,0,11.1,0,0,-14.1,0,0.239,0.338,344.993976,296.2191226,97834.26355,1.150789769,1.83E-05,3.97E+02,14.10000003,-3.000000025,1,20
61.5,-744.7788,0,39.04488,82.45356026,0,11.1,0,0,-14.1,0,0.239,0.338,344.993976,296.2191226,97834.26355,1.150789769,1.83E-05,3.97E+02,14.10000003,-3.000000025,1,20
62,-703.53936,0,36.8808,82.45356026,0,11.1,0,0,-14.1,0,0.239,0.338,344.993976,296.2191226,97834.26355,1.150789769,1.83E-05,3.97E+02,14.10000003,-3.000000025,1,20
62.5,-662.3304,0,34.71672,82.45356026,0,11.1,0,0,-14.1,0,0.239,0.338,344.993976,296.2191226,97834.26355,1.150789769,1.83E-05,3.97E+02,14.10000003,-3.000000025,1,20
63,-621.09096,0,32.55264,82.45356026,0,11.1,0,0,-14.1,0,0.239,0.338,344.993976,296.2191226,97834.26355,1.150789769,1.83E-05,3.97E+02,14.10000003,-3.000000025,1,20
63.5,-579.85152,0,30.38856,82.45356026,0,11.1,0,0,-14.1,0,0.239,0.338,344.993976,296.2191226,97834.26355,1.150789769,1.83E-05,3.97E+02,14.10000003,-3.000000025,1,20
64,-538.64256,0,28.22448,82.45356026,0,11.1,0,0,-14.1,0,0.239,0.338,344.993976,296.2191226,97834.26355,1.150789769,1.83E-05,3.97E+02,14.10000003,-3.000000025,1,20
64.5,-497.40312,0,26.0604,82.45356026,0,11.1,0,0,-14.1,0,0.239,0.338,344.993976,296.2191226,97834.26355,1.150789769,1.83E-05,3.97E+02,14.10000003,-3.000000025,1,20
65,-456.16368,0,23.89632,82.45356026,0,11.1,0,0,-14.1,0,0.239,0.338,344.993976,296.2191226,97834.26355,1.150789769,1.83E-05,3.97E+02,14.10000003,-3.000000025,1,20
65.5,-414.95472,0,21.73224,82.45356026,0,11.1,0,0,-14.1,0,0.239,0.338,344.993976,296.2191226,97834.26355,1.150789769,1.83E-05,3.97E+02,14.10000003,-3.000000025,1,20
66,-373.71528,0,19.59864,82.45356026,0,11.1,0,0,-14.1,0,0.239,0.338,344.993976,296.2191226,97834.26355,1.150789769,1.83E-05,3.97E+02,14.10000003,-3.000000025,1,20
66.5,-332.47584,0,17.43456,82.45356026,0,11.1,0,0,-14.1,0,0.239,0.338,344.993976,296.2191226,97834.26355,1.150789769,1.83E-05,3.97E+02,14.10000003,-3.000000025,1,20
67,-291.26688,0,15.27048,82.45356026,0,11.1,0,0,-14.1,0,0.239,0.338,344.993976,296.2191226,97834.26355,1.150789769,1.83E-05,3.97E+02,14.10000003,-3.000000025,1,20
67.5,-250.02744,0,13.1064,82.45356026,0,11.1,0,0,-14.1,0,0.239,0.337,344.993976,296.2191226,97834.26355,1.150789769,1.83E-05,3.97E+02,14.10000003,-3.000000025,1,20
68,-208.788,0,10.94232,82.45356026,0,11.1,0,0,-14.1,0,0.239,0.337,344.993976,296.2191226,97834.26355,1.150789769,1.83E-05,3.97E+02,14.10000003,-3.000000025,1,20
68.5,-167.57904,0,8.77824,82.45356026,0,11.1,0,0,-14.1,0,0.239,0.337,344.993976,296.2191226,97834.26355,1.150789769,1.83E-05,3.97E+02,14.10000003,-3.000000025,1,20
69,-126.3396,0,6.61416,82.45356026,0,11.1,0,0,-14.1,0,0.239,0.337,344.993976,296.2191226,97834.26355,1.150789769,1.83E-05,3.97E+02,14.10000003,-3.000000025,1,20
69.5,-85.13064,0,4.45008,82.45356026,0,11.1,0,0,-14.1,0,0.239,0.337,344.993976,296.2191226,97834.26355,1.150789769,1.83E-05,3.97E+02,14.10000003,-3.000000025,1,20
70,-43.8912,0,2.286,82.45356026,0,11.1,0,0,-14.1,0,0.239,0.337,344.993976,296.2191226,97834.26355,1.150789769,1.83E-05,3.97E+02,14.10000003,-3.000000025,1,20
70.5,-2.65176,0,0.1524,82.45356026,0,11.1,0,0,-14.1,0,0.239,0.337,344.993976,296.2191226,97834.26355,1.150789769,1.83E-05,3.97E+02,14.10000003,-3.000000025,1,20