t_s [s],x [m],y [m],z [m],alpha [deg],gamma [deg],F_n [N],tau [-],v [m/s],M_0 [-],c_0 [m/s],T_0 [K],p_0 [Pa],rho_0 [kg/m3],mu_0 [kg/ms],I_0 [kg/m2s],theta_flaps [deg],I_lg [-],jet_V [m/s],jet_A [m2],jet_rho [kg/m3],jet_Tt [K],jet_M [-],core_mdot [kg/s],core_Pt_i [Pa],core_Tt_i [K],core_Tt_j [K],turb_DTt_des [K],turb_rho_i [kg/m3],turb_c_i [m/s],turb_rho_e [kg/m3],turb_c_e [m/s],fan_DTt [K],fan_mdot [kg/s],fan_N [rpm]
0,0,0,0,-0.850000021,0,73917.99929,0.9,0,0,346.16136,298.2271955,101457.3923,1.1853717,1.84E-05,409.795638,10,1,410.5127568,0.582247598,0.811043171,517.4838297,1,34.27289403,2205379.337,780.1623435,1687.965927,807.3904864,0,0,0,0,70.38161814,182.3948268,8726.699976
0.32,0.332251665,0,0,-0.850000021,0,73719.00984,0.9,1.22563453,0.003540645,346.16136,298.2271955,101457.3923,1.1853717,1.84E-05,409.795638,10,1,410.5606387,0.58224403,0.811019188,517.5441677,1,34.27289403,2206097.786,780.3532089,1688.076752,807.3904864,0,0,0,0,70.38161814,182.3948268,8727.205906
0.63,0.891600837,0,0,-0.850000021,0,73526.49647,0.9,2.420380452,0.006992058,346.16136,298.2271955,101457.3923,1.1853717,1.84E-05,409.795638,10,1,410.6159338,0.58223809,0.810996468,517.5947882,1,34.27289403,2206792.853,780.4605707,1688.183723,807.3904864,0,0,0,0,70.38161814,182.3948268,8727.699131
0.95,1.808419573,0,0,-0.850000021,0,73328.14128,0.9,3.664261064,0.010585413,346.16136,298.2271955,101457.3923,1.1853717,1.84E-05,409.795638,10,1,410.6857467,0.58222841,0.810973747,517.6358474,1,34.27289403,2207509.011,780.4605707,1688.293586,807.3904864,0,0,0,0,70.38161814,182.3948268,8728.212705
1.27,3.2509206,0,0,-0.850000021,0,73131.19992,0.9,4.880875176,0.0141,346.16136,298.2271955,101457.3923,1.1853717,1.84E-05,409.795638,10,1,410.7550698,0.582218796,0.810955594,517.6925887,1,34.27289403,2208180.766,780.5763201,1688.446632,807.3904864,0,0,0,0,70.38161814,182.3948268,8728.714928
1.59,4.9632489,0,0,-0.850000021,0,72934.53206,0.9,6.094192378,0.017605063,346.16136,298.2271955,101457.3923,1.1853717,1.84E-05,409.795638,10,1,410.8260545,0.58220871,0.810936487,517.7522342,1,34.34380347,2208852.287,780.6900193,1688.63116,807.3904864,0,0,0,0,70.38161814,182.4147701,8729.215781
1.91,7.1163561,0,0,-0.850000021,0,72737.89403,0.9,7.311988042,0.021123062,346.16136,298.2271955,101457.3923,1.1853717,1.84E-05,409.795638,10,1,410.9015177,0.58219738,0.81091278,517.8118795,1,34.5959259,2209544.226,780.7437001,1688.875706,807.3904864,0,0,0,0,70.38161814,182.4856795,8729.718507
2.23,9.7058607,0,0,-0.850000021,0,72541.21766,0.9,8.536750204,0.024661188,346.16136,298.2271955,101457.3923,1.1853717,1.84E-05,409.795638,10,1,410.9839474,0.58218412,0.810893674,517.871525,1,34.66683534,2210249.291,780.7587979,1689.043086,807.3904864,0,0,0,0,70.38161814,182.6358697,8730.224143
2.55,12.5640032,0,0,-0.850000021,0,72344.77267,0.9,9.760258846,0.028195691,346.16136,298.2271955,101457.3923,1.1853717,1.84E-05,409.795638,10,1,411.0713551,0.582169845,0.810875582,517.931097,1,34.66683534,2210958.619,780.7886206,1689.188658,807.3904864,0,0,0,0,70.38161814,182.7887682,8730.729264
2.87,15.95066372,0,0,-0.850000021,0,72149.6582,0.9,10.96227797,0.031668116,346.16136,298.2271955,101457.3923,1.1853717,1.84E-05,409.795638,10,1,411.1709237,0.582154176,0.810853246,517.9902725,1,34.66683534,2211663.226,780.979486,1689.379524,807.3904864,0,0,0,0,70.38161814,182.7887682,8731.225445
3.2,19.80126273,0,0,-0.850000021,0,71948.9644,0.9,12.19864768,0.035239773,346.16136,298.2271955,101457.3923,1.1853717,1.84E-05,409.795638,10,1,411.2625109,0.582138282,0.81083398,518.0511391,1,34.66683534,2212387.968,781.057025,1689.568898,807.3904864,0,0,0,0,70.38161814,182.7887682,8731.735876
3.52,23.79706604,0,0,-0.850000021,0,71754.88493,0.9,13.39562643,0.038697636,346.16136,298.2271955,101457.3923,1.1853717,1.84E-05,409.795638,10,1,411.3454323,0.582122825,0.810817498,518.1099983,1,34.66683534,2213088.807,781.0624473,1689.742819,807.3904864,0,0,0,0,70.39354723,182.7887682,8732.230082
3.85,28.47730814,0,0,-0.850000021,0,71557.92996,0.9,14.63155227,0.042268011,346.16136,298.2271955,101457.3923,1.1853717,1.84E-05,409.795638,10,1,411.4479826,0.5821036,0.810797806,518.1697183,1,34.66683534,2213799.897,781.1519154,1689.844588,807.3904864,0,0,0,0,70.59037718,182.7887682,8732.74026
4.18,33.47424437,0,0,-0.850000021,0,71361.11067,0.9,15.85419022,0.0458,346.16136,298.2271955,101457.3923,1.1853717,1.84E-05,409.795638,10,1,411.5633252,0.582084388,0.810782389,518.2293975,1,34.66683534,2214510.502,781.2511437,1689.949408,807.3904864,0,0,0,0,70.67984534,182.7887682,8733.244953
4.51,38.75628059,0,0,-0.850000021,0,71164.97732,0.9,17.06609059,0.049300969,346.16136,298.2271955,101457.3923,1.1853717,1.84E-05,409.795638,10,1,411.6886775,0.582064994,0.810770299,518.2896394,1,34.66683534,2215219.659,781.3552522,1690.062373,807.3904864,0,0,0,0,70.67984534,182.7925882,8733.745216
4.84,44.71633979,0,0,-0.850000021,0,70987.17606,0.9,18.2887327,0.05283297,346.16136,298.2271955,101457.3923,1.1853717,1.84E-05,409.795638,10,1,411.7932183,0.582039457,0.810750621,518.368968,1,34.66683534,2215895.365,781.3552522,1690.354636,807.3904864,0,0,0,0,70.67984534,182.9186493,8734.250031
5.17,50.9753616,0,0,-0.850000021,0,70811.0155,0.9,19.51173132,0.056366,346.16136,298.2271955,101457.3923,1.1853717,1.84E-05,409.795638,10,1,411.9091719,0.582013919,0.810734974,518.4381567,1,34.66683534,2216572.116,781.3552522,1690.548574,807.3904864,0,0,0,0,70.67984534,183.0487693,8734.754928
5.5,57.51576,0,0,-0.850000021,0,70636.39913,0.9,20.73506546,0.0599,346.16136,298.2271955,101457.3923,1.1853717,1.84E-05,409.795638,10,1,412.0358668,0.581988381,0.81072312,518.4978021,1,34.66683534,2217249.852,781.3552522,1690.649971,807.3904864,0,0,0,0,70.67984534,183.1827095,8735.259904
5.83,64.6873992,0,0,-0.850000021,0,70463.62582,0.9,21.93451457,0.063365,346.16136,298.2271955,101457.3923,1.1853717,1.84E-05,409.795638,10,1,412.1615234,0.581966204,0.810703562,518.5666926,1,34.66683534,2217952.951,781.5520822,1690.846801,807.3904864,0,0,0,0,70.67984534,183.1827095,8735.755086
6.17,72.3768936,0,0,-0.850000021,0,70285.56655,0.9,23.17031063,0.066935,346.16136,298.2271955,101457.3923,1.1853717,1.84E-05,409.795638,10,1,412.2909878,0.58194009,0.810687441,518.6376707,1,34.66683534,2218677.357,781.6534794,1691.049596,807.3904864,0,0,0,0,70.67984534,183.1827095,8736.265274
6.5,80.13192,0,0,-0.850000021,0,70112.69538,0.9,24.36975974,0.0704,346.16136,298.2271955,101457.3923,1.1853717,1.84E-05,409.795638,10,1,412.4166443,0.581911577,0.810675706,518.7065612,1,34.66683534,2219380.457,781.6534794,1691.246426,807.3904864,0,0,0,0,70.67984534,183.1827095,8736.760456
6.84,88.69070399,0,0,-0.850000021,0,69938.17688,0.9,25.60486351,0.073968,346.16136,298.2271955,101457.3923,1.1853717,1.84E-05,409.795638,10,1,412.5551088,0.581882775,0.810663852,518.7864862,1,34.66683534,2220090.659,781.7489121,1691.341859,807.3904864,0,0,0,0,70.67984534,183.1827095,8737.270287
7.18,97.55866279,0,0,-0.850000021,0,69763.60812,0.9,26.82750548,0.0775,346.16136,298.2271955,101457.3923,1.1853717,1.84E-05,409.795638,10,1,412.6935734,0.581853973,0.810651998,518.8657795,1,34.66683534,2220800.86,781.8506602,1691.443607,807.3904864,0,0,0,0,70.67984534,183.1827095,8737.775041
7.52,106.7438288,0,0,-0.850000021,0,69588.99994,0.9,28.03964043,0.081001647,346.16136,298.2271955,101457.3923,1.1853717,1.84E-05,409.795638,10,1,412.8334227,0.581824788,0.810640144,518.94395,1,34.66683534,2221511.063,781.9517066,1691.561494,807.3904864,0,0,0,0,70.67984534,183.1891979,8738.275512
7.86,116.6071567,0,0,-0.850000021,0,69414.47554,0.9,29.26089764,0.084529647,346.16136,298.2271955,101457.3923,1.1853717,1.84E-05,409.795638,10,1,412.9954262,0.581789457,0.81062829,519.0131387,1,34.66683534,2222221.263,781.9517066,1691.847792,807.3904864,0,0,0,0,70.67984534,183.2995016,8738.779638
8.2,126.8362447,0,0,-0.850000021,0,69239.90228,0.9,30.48459833,0.088064706,346.16136,298.2271955,101457.3923,1.1853717,1.84E-05,409.795638,10,1,413.1558006,0.581754579,0.810616436,519.0942565,1,34.66683534,2222931.465,782.0569633,1692.035851,807.3904864,0,0,0,0,70.67984534,183.4376127,8739.284768
8.54,137.3788106,0,0,-0.850000021,0,69065.71452,0.9,31.70552974,0.091591764,346.16136,298.2271955,101457.3923,1.1853717,1.84E-05,409.795638,10,1,413.3134871,0.581719655,0.810604917,519.1811283,1,34.66683534,2223631.88,782.2176551,1692.164965,807.3904864,0,0,0,0,70.67984534,183.5766508,8739.788767
8.89,148.6749675,0,0,-0.850000021,0,68889.64394,0.9,32.92778487,0.095122647,346.16136,298.2271955,101457.3923,1.1853717,1.84E-05,409.795638,10,1,413.4638639,0.581680914,0.810595644,519.25051,1,34.66683534,2224277.328,782.242215,1692.373725,807.3904864,0,0,0,0,70.67984534,183.5766508,8740.293433
9.23,160.1219973,0,0,-0.850000021,0,68722.54464,0.9,34.11886504,0.098563471,346.16136,298.2271955,101457.3923,1.1853717,1.84E-05,409.795638,10,1,413.6264026,0.581643161,0.810588524,519.3319046,1,34.66683534,2225061.21,782.2499338,1692.545163,807.3904864,0,0,0,0,70.67984534,183.5766508,8740.749672
9.58,172.2544282,0,0,-0.850000021,0,68555.87766,0.9,35.34861344,0.102116,346.16136,298.2271955,101457.3923,1.1853717,1.84E-05,409.795638,10,1,413.8012896,0.581604357,0.810581256,519.4223065,1,34.66683534,2226030.38,782.2976502,1692.689846,807.3904864,0,0,0,0,70.67984534,183.5766508,8741.179229
9.93,184.7768314,0,0,-0.850000021,0,68400.70894,0.9,36.58440949,0.105686,346.16136,298.2271955,101457.3923,1.1853717,1.84E-05,409.795638,10,1,413.9743704,0.581565955,0.810571061,519.5117746,1,34.66683534,2227286.423,782.5064092,1692.779313,807.3904864,0,0,0,0,70.67984534,183.5766508,8741.529953
10.28,197.8649434,0,0,-0.850000021,0,68246.66709,0.9,37.80082051,0.1092,346.16136,298.2271955,101457.3923,1.1853717,1.84E-05,409.795638,10,1,414.159636,0.581527552,0.810564849,519.5907451,1,34.66683534,2228511.622,782.548161,1693.035789,807.3904864,0,0,0,0,70.67984534,183.7153181,8741.866879
10.63,211.323308,0,0,-0.850000021,0,68092.93185,0.9,39.01188522,0.112698555,346.16136,298.2271955,101457.3923,1.1853717,1.84E-05,409.795638,10,1,414.345562,0.58148667,0.810557344,519.6690482,1,34.66683534,2229728.609,782.6257001,1693.256354,807.3904864,0,0,0,0,70.67984534,183.8623144,8742.200216
10.98,225.1689157,0,0,-0.850000021,0,67939.23876,0.9,40.22210369,0.116194666,346.16136,298.2271955,101457.3923,1.1853717,1.84E-05,409.795638,10,1,414.5274507,0.58144159,0.810545965,519.7506632,1,34.66683534,2230944.745,782.8344591,1693.34549,807.3904864,0,0,0,0,70.67984534,183.9647393,8742.533315
11.34,239.9103752,0,0,-0.850000021,0,67783.86459,0.9,41.45673711,0.119761308,346.16136,298.2271955,101457.3923,1.1853717,1.84E-05,409.795638,10,1,414.7135646,0.581399429,0.81054163,519.8405971,1,34.66683534,2232206.14,782.9390943,1693.634819,807.3904864,0,0,0,0,70.67984534,183.9705921,8742.873037
11.69,254.6191025,0,0,-0.850000021,0,67632.81741,0.9,42.65871767,0.123233621,346.16136,298.2271955,101457.3923,1.1853717,1.84E-05,409.795638,10,1,414.9070644,0.581355191,0.810537451,519.9284562,1,34.66683534,2233437.504,783.0442407,1693.830096,807.3904864,0,0,0,0,70.67984534,184.0994984,8743.203838
12.05,270.130524,0,0,-0.850000021,0,67477.56612,0.9,43.89326048,0.1268,346.16136,298.2271955,101457.3923,1.1853717,1.84E-05,409.795638,10,1,415.116703,0.581306738,0.810533165,520.0195063,1,34.66683534,2234700.523,783.1520711,1693.960294,807.3904864,0,0,0,0,70.67984534,184.3152907,8743.543653
12.41,286.1434968,0,0,-0.850000021,0,67323.7793,0.9,45.10482522,0.1303,346.16136,298.2271955,101457.3923,1.1853717,1.84E-05,409.795638,10,1,415.3243997,0.581258736,0.810531031,520.1143426,1,34.66683534,2235918.012,783.205752,1694.175017,807.3904864,0,0,0,0,70.67984534,184.3546849,8743.877095
12.77,302.6822496,0,0,-0.850000021,0,67169.95244,0.9,46.32833254,0.1338345,346.16136,298.2271955,101457.3923,1.1853717,1.84E-05,409.795638,10,1,415.5320965,0.581210733,0.810525697,520.2172311,1,34.66683534,2237135.501,783.3399542,1694.331586,807.3904864,0,0,0,0,70.67984534,184.3645334,8744.213793
13.13,319.6302641,0,0,-0.850000021,0,67016.17012,0.9,47.55308421,0.137372595,346.16136,298.2271955,101457.3923,1.1853717,1.84E-05,409.795638,10,1,415.7397527,0.581160244,0.810521607,520.3169706,1,34.76926008,2238379.131,783.4449383,1694.524771,807.3904864,0,0,0,0,70.67984534,184.3673016,8744.550856
13.49,336.9922817,0,0,-0.850000021,0,66862.49021,0.9,48.77299437,0.140896703,346.16136,298.2271955,101457.3923,1.1853717,1.84E-05,409.795638,10,1,415.9473373,0.581105354,0.810521607,520.4063903,1,35.05289782,2239669.01,783.4507416,1694.817034,807.3904864,0,0,0,0,70.67984534,184.3749676,8744.886644
13.86,355.1722036,0,0,-0.850000021,0,66708.513,0.9,49.98570034,0.1444,346.16136,298.2271955,101457.3923,1.1853717,1.84E-05,409.795638,10,1,416.1646175,0.581054508,0.810518378,520.5040489,1,35.06077665,2240889.424,783.659823,1694.906399,807.3904864,0,0,0,0,70.67984534,184.6511523,8745.220384
14.23,373.9557219,0,0,-0.850000021,0,66556.04111,0.9,51.2085621,0.147932635,346.16136,298.2271955,101457.3923,1.1853717,1.84E-05,409.795638,10,1,416.3878168,0.581002294,0.810513733,520.6060386,1,35.06077665,2242153.267,783.7410698,1695.12616,807.3904864,0,0,0,0,70.78273372,184.7584747,8745.510877
14.59,392.6197874,0,0,-0.850000021,0,66412.72414,0.9,52.402454,0.151381581,346.16136,298.2271955,101457.3923,1.1853717,1.84E-05,409.795638,10,1,416.6097718,0.580950148,0.810509754,520.7041876,1,35.06077665,2243471.364,783.7947507,1695.364823,807.3904864,0,0,0,0,70.91693595,184.7642241,8745.712793
14.97,412.4355522,0,0,-0.850000021,0,66274.77014,0.9,53.65440743,0.154998257,346.16136,298.2271955,101457.3923,1.1853717,1.84E-05,409.795638,10,1,416.8483237,0.580893699,0.810509754,520.7965332,1,35.06077665,2245055.717,784.0214034,1695.439863,807.3904864,0,0,0,0,70.97359912,184.7884994,8745.750809
15.34,432.7030097,0,0,-0.850000021,0,66140.47851,0.9,54.8665757,0.1585,346.16136,298.2271955,101457.3923,1.1853717,1.84E-05,409.795638,10,1,417.0796435,0.580836309,0.810509754,520.9046729,1,35.06077665,2246672.496,784.1269918,1695.719834,807.3904864,0,0,0,0,70.97807253,185.036576,8745.75381
15.71,453.2741529,0,0,-0.850000021,0,66007.36186,0.9,56.06764484,0.16196968,346.16136,298.2271955,101457.3923,1.1853717,1.84E-05,409.795638,10,1,417.3068156,0.580779205,0.810509754,521.0021355,1,35.06077665,2248249.231,784.239351,1696.015477,807.3904864,0,0,0,0,70.97807253,185.152416,8745.75381
16.09,474.7940666,0,0,-0.850000021,0,65871.30104,0.9,57.30167508,0.165534579,346.16136,298.2271955,101457.3923,1.1853717,1.84E-05,409.795638,10,1,417.5472113,0.580719102,0.810509979,521.0987356,1,35.06077665,2249845.068,784.3912051,1696.26402,807.3904864,0,0,0,0,70.97807253,185.2233254,8745.75381
16.46,496.4452779,0,0,-0.850000021,0,65737.99365,0.9,58.53056602,0.169084632,346.16136,298.2271955,101457.3923,1.1853717,1.84E-05,409.795638,10,1,417.8134821,0.580654787,0.810510902,521.2119835,1,35.06077665,2251439.497,784.6118932,1696.339518,807.3904864,0,0,0,0,70.97807253,185.514842,8745.75381
16.84,519.0050982,0,0,-0.850000021,0,65603.38646,0.9,59.74745068,0.1726,346.16136,298.2271955,101457.3923,1.1853717,1.84E-05,409.795638,10,1,418.0590745,0.580593545,0.810518213,521.3224218,1,35.06077665,2253035.262,784.7211386,1696.614515,807.3904864,0,0,0,0,70.97807253,185.5463573,8745.75381
17.22,541.8345985,0,0,-0.850000021,0,65470.21382,0.9,60.94894368,0.176070904,346.16136,298.2271955,101457.3923,1.1853717,1.84E-05,409.795638,10,1,418.3103082,0.580532681,0.810521607,521.4291057,1,35.06077665,2254605.571,784.8372902,1696.816054,807.3904864,0,0,0,0,70.97807253,185.5463573,8745.75381
17.61,565.7015005,0,0,-0.850000021,0,65334.07272,0.9,62.17761015,0.179620308,346.16136,298.2271955,101457.3923,1.1853717,1.84E-05,409.795638,10,1,418.5722631,0.580468996,0.810521674,521.5338313,1,35.06077665,2256218.647,784.9356609,1696.980035,807.3904864,0,0,0,0,70.97807253,185.6330244,8745.75381
17.99,589.6105437,0,0,-0.850000021,0,65200.59784,0.9,63.38239365,0.183100718,346.16136,298.2271955,101457.3923,1.1853717,1.84E-05,409.795638,10,1,418.8211799,0.580404263,0.810521905,521.6297228,1,35.06077665,2257831.976,784.9414725,1697.2125,807.3904864,0,0,0,0,70.97807253,185.9324198,8745.75381
18.38,614.5045602,0,0,-0.850000021,0,65066.30338,0.9,64.62023107,0.186676615,346.16136,298.2271955,101457.3923,1.1853717,1.84E-05,409.795638,10,1,419.0975586,0.580337078,0.810530689,521.7484786,1,35.06077665,2259432.401,785.1624665,1697.439458,807.3904864,0,0,0,0,70.97807253,185.9402986,8745.75381
18.77,639.9291474,0,0,-0.850000021,0,64932.04901,0.9,65.83989074,0.1902,346.16136,298.2271955,101457.3923,1.1853717,1.84E-05,409.795638,10,1,419.3744877,0.580269874,0.810533461,521.8677694,1,35.06077665,2261010.298,785.3271798,1697.604171,807.3904864,0,0,0,0,70.97807253,186.0657539,8745.75381
19.16,665.8922459,0,0,-0.850000021,0,64797.77245,0.9,67.05145553,0.1937,346.16136,298.2271955,101457.3923,1.1853717,1.84E-05,409.795638,10,1,419.6514167,0.58020267,0.810536768,521.9870602,1,35.06077665,2262601.306,785.4472353,1697.807424,807.3904864,0,0,0,0,70.97807253,186.2243406,8745.75381
19.55,692.3259731,0,0,-0.850000021,0,64664.49152,0.9,68.26298689,0.197199904,346.16136,298.2271955,101457.3923,1.1853717,1.84E-05,409.795638,10,1,419.927547,0.580134699,0.810544095,522.1030248,1,35.06570092,2264223.747,785.5602557,1698.101063,807.3904864,0,0,0,0,70.97807253,186.33424,8745.749886
19.95,719.6433214,0,0,-0.850000021,0,64534.82249,0.9,69.50535115,0.200788878,346.16136,298.2271955,101457.3923,1.1853717,1.84E-05,409.795638,10,1,420.2051861,0.580059642,0.810546496,522.1987634,1,35.10509504,2265881.664,785.7988375,1698.370232,807.3904864,0,0,0,0,70.97807253,186.33424,8745.718492
20.35,747.62106,0,0,-0.850000021,0,64416.89792,0.9,70.72076585,0.2043,346.16136,298.2271955,101457.3923,1.1853717,1.84E-05,409.795638,10,1,420.482204,0.579988937,0.810554056,522.3151102,1,35.35130837,2267775.633,785.9069448,1698.482163,807.3904864,0,0,0,0,70.97807253,186.4376495,8745.617365
20.75,776.159865,0,0,-0.850000021,0,64300.65111,0.9,71.93233061,0.2078,346.16136,298.2271955,101457.3923,1.1853717,1.84E-05,409.795638,10,1,420.7699506,0.579914652,0.810560873,522.4344011,1,35.45471796,2269703.324,786.0336914,1698.702106,807.3904864,0,0,0,0,70.97807253,186.6050746,8745.506193
21.15,805.274742,0,0,-0.850000021,0,64184.40429,0.9,73.14389536,0.2113,346.16136,298.2271955,101457.3923,1.1853717,1.84E-05,409.795638,10,1,421.0615916,0.579840367,0.810569022,522.553692,1,35.45471796,2271657.646,786.205172,1699.000333,807.3904864,0,0,0,0,70.97807253,186.8315909,8745.39502
21.55,834.9065059,0,0,-0.850000021,0,64068.47647,0.9,74.35559731,0.214800396,346.16136,298.2271955,101457.3923,1.1853717,1.84E-05,409.795638,10,1,421.3506469,0.579768813,0.810580728,522.6726555,1,35.45471796,2273643.458,786.3944736,1699.267919,807.3904864,0,0,0,0,70.97807253,187.0778042,8745.283903
21.96,865.4476184,0,0,-0.850000021,0,63951.93904,0.9,75.5985761,0.218391146,346.16136,298.2271955,101457.3923,1.1853717,1.84E-05,409.795638,10,1,421.6594228,0.579684928,0.810591663,522.7922446,1,35.45471796,2275586.368,786.4489,1699.322345,807.3904864,0,0,0,0,70.97807253,187.1181832,8745.169819
22.37,896.6960563,0,0,-0.850000021,0,63835.66384,0.9,76.81320572,0.2219,346.16136,298.2271955,101457.3923,1.1853717,1.84E-05,409.795638,10,1,421.9706979,0.579607433,0.810595511,522.9185621,1,35.45471796,2277515.542,786.6533675,1699.596787,807.3904864,0,0,0,0,70.97807253,187.2145546,8745.058443
22.78,928.5796528,0,0,-0.850000021,0,63719.41703,0.9,78.02477057,0.2254,346.16136,298.2271955,101457.3923,1.1853717,1.84E-05,409.795638,10,1,422.2822431,0.579530628,0.810604583,523.0517169,1,35.45471796,2279443.233,786.8129554,1699.895015,807.3904864,0,0,0,0,70.97807253,187.3976893,8744.947266
23.19,960.8778673,0,0,-0.850000021,0,63603.96546,0.9,79.2377562,0.228904105,346.16136,298.2271955,101457.3923,1.1853717,1.84E-05,409.795638,10,1,422.5916571,0.579451655,0.810616356,523.179153,1,35.45471796,2281386.192,786.9358831,1700.107556,807.3904864,0,0,0,0,70.97807253,187.5160639,8744.835962
23.61,994.2788924,0,0,-0.850000021,0,63486.92341,0.9,80.47544466,0.232479572,346.16136,298.2271955,101457.3923,1.1853717,1.84E-05,409.795638,10,1,422.9124051,0.579369378,0.810628291,523.29926,1,35.45471796,2283379.344,787.0824925,1700.254166,807.3904864,0,0,0,0,70.97807253,187.5965405,8744.722431
24.03,1028.11609,0,0,-0.850000021,0,63370.6766,0.9,81.69408097,0.236,346.16136,298.2271955,101457.3923,1.1853717,1.84E-05,409.795638,10,1,423.2494178,0.579289967,0.810640145,523.418764,1,35.45471796,2285327.762,787.3019024,1700.491469,807.3904864,0,0,0,0,70.97807253,187.8863686,8744.610607
24.45,1062.826715,0,0,-0.850000021,0,63254.42979,0.9,82.90564583,0.2395,346.16136,298.2271955,101457.3923,1.1853717,1.84E-05,409.795638,10,1,423.5665018,0.579204139,0.810651998,523.5410371,1,35.45471796,2287255.452,787.349619,1700.789696,807.3904864,0,0,0,0,70.97807253,187.9493994,8744.499543
24.87,1098.115418,0,0,-0.850000021,0,63138.80218,0.9,84.110757,0.242981357,346.16136,298.2271955,101457.3923,1.1853717,1.84E-05,409.795638,10,1,423.8996132,0.579118263,0.810663788,523.679489,1,35.45471796,2289172.875,787.5497151,1701.019615,807.3904864,0,0,0,0,70.97807253,188.2137152,8744.388933
25.3,1134.495371,0,0,-0.850000021,0,63022.06027,0.9,85.3384357,0.246527907,346.16136,298.2271955,101457.3923,1.1853717,1.84E-05,409.795638,10,1,424.2304069,0.579031397,0.810675705,523.8145687,1,35.45471796,2291139.147,787.7012495,1701.171149,807.3904864,0,0,0,0,70.97807253,188.3039465,8744.275388
25.73,1171.422898,0,0,-0.850000021,0,62910.80228,0.9,86.56495772,0.250071116,346.16136,298.2271955,101457.3923,1.1853717,1.84E-05,409.795638,10,1,424.566908,0.578944991,0.810687559,523.9467459,1,35.56850287,2293198.59,787.8301114,1701.38615,807.3904864,0,0,0,0,70.97807253,188.4177314,8744.129417
26.16,1209.082852,0,0,-0.850000021,0,62806.53154,0.9,87.78652081,0.2536,346.16136,298.2271955,101457.3923,1.1853717,1.84E-05,409.795638,10,1,424.9130695,0.578858585,0.810699413,524.0746507,1,35.74898297,2295397.714,787.991709,1701.684377,807.3904864,0,0,0,0,70.97807253,188.5982115,8743.937441
26.59,1247.316039,0,0,-0.850000021,0,62707.36539,0.9,88.99335984,0.257086348,346.16136,298.2271955,101457.3923,1.1853717,1.84E-05,409.795638,10,1,425.2578806,0.578770907,0.810713209,524.1984783,1,35.84865927,2297679.445,788.2133145,1701.981441,807.3904864,0,0,0,0,70.97807253,188.7639625,8743.716022
27.03,1286.608806,0,0,-0.850000021,0,62607.38488,0.9,90.21144428,0.260605182,346.16136,298.2271955,101457.3923,1.1853717,1.84E-05,409.795638,10,1,425.6055336,0.578676567,0.810734165,524.3424451,1,35.84865927,2299949.801,788.4935912,1702.261718,807.3904864,0,0,0,0,70.97807253,189.066581,8743.492428
27.47,1326.540654,0,0,-0.850000021,0,62508.07988,0.9,91.44931719,0.264181182,346.16136,298.2271955,101457.3923,1.1853717,1.84E-05,409.795638,10,1,425.9537721,0.578586321,0.81074602,524.4826119,1,35.84865927,2302360.429,788.5114849,1702.279612,807.3904864,0,0,0,0,70.97807253,189.0902175,8743.265351
27.51,1330.18469,0,0,-0.815700021,0,62499.05399,0.9,91.56137591,0.2645049,346.16136,298.2271955,101457.3923,1.1853717,1.84E-05,409.795638,10,1,425.9861696,0.578578008,0.810747172,524.4950913,1,35.84865927,2302576.432,788.5186694,1702.289481,807.3904864,0,0,0,0,70.97807253,189.0997079,8743.244794
27.71,1348.612898,0,0,-0.129700013,0,62453.95199,0.9,92.11454176,0.2661029,346.16136,298.2271955,101457.3923,1.1853717,1.84E-05,409.795638,10,1,426.1592503,0.578534805,0.810754047,524.5535439,1,35.84865927,2303609.268,788.6379603,1702.462452,807.3904864,0,0,0,0,70.97807253,189.2572844,8743.143289
27.91,1367.041106,0,0,0.556299995,0,62408.84999,0.9,92.66770762,0.2677009,346.16136,298.2271955,101457.3923,1.1853717,1.84E-05,409.795638,10,1,426.332331,0.578491603,0.810760922,524.6119964,1,35.84865927,2304642.104,788.7572512,1702.635424,807.3904864,0,0,0,0,70.97807253,189.414861,8743.041784
28.11,1385.631255,0,0,1.249999999,0,62363.69418,0.9,93.22125425,0.2693,346.16136,298.2271955,101457.3923,1.1853717,1.84E-05,409.795638,10,1,426.4977961,0.578447872,0.810768058,524.677338,1,35.84865927,2305677.172,788.8732616,1702.749346,807.3904864,0,0,0,0,70.97807253,189.4857704,8742.940205
28.31,1404.353899,0,0,1.950000001,0,62318.49434,0.9,93.77511242,0.2709,346.16136,298.2271955,101457.3923,1.1853717,1.84E-05,409.795638,10,1,426.6570303,0.57840371,0.810775407,524.7483161,1,35.84865927,2306714.067,788.986588,1702.814956,807.3904864,0,0,0,0,70.97807253,189.4857704,8742.838565
28.51,1423.090169,0,0,2.650000003,0,62273.31792,0.9,94.32827828,0.272498,346.16136,298.2271955,101457.3923,1.1853717,1.84E-05,409.795638,10,1,426.8162645,0.578359739,0.810782863,524.8187574,1,35.84865927,2307750.759,789.0945462,1702.883251,807.3904864,0,0,0,0,70.97807253,189.4936492,8742.737054
28.71,1442.085305,0,0,3.350000006,0,62228.58662,0.9,94.86829,0.274058,346.16136,298.2271955,101457.3923,1.1853717,1.84E-05,409.795638,10,1,426.9754988,0.578319416,0.810792346,524.8789993,1,35.84865927,2308783.595,789.1005107,1703.002542,807.3904864,0,0,0,0,70.97807253,189.6512257,8742.638003
28.91,1461.080441,0,0,4.050000008,0,62183.85533,0.9,95.40830172,0.275618,346.16136,298.2271955,101457.3923,1.1853717,1.84E-05,409.795638,10,1,427.134733,0.578279093,0.81080183,524.9392412,1,35.84865927,2309816.431,789.1064753,1703.121833,807.3904864,0,0,0,0,70.97807253,189.8088023,8742.538952
29.11,1480.223771,0,0,4.75000001,0,62139.57744,0.9,95.94831345,0.277178,346.16136,298.2271955,101457.3923,1.1853717,1.84E-05,409.795638,10,1,427.3015828,0.578236658,0.810811182,524.999155,1,35.84865927,2310850.383,789.1747693,1703.241124,807.3904864,0,0,0,0,70.97807253,189.8797117,8742.439903
29.31,1499.48835,0,0,5.450000012,0,62095.67054,0.9,96.48832517,0.278738,346.16136,298.2271955,101457.3923,1.1853717,1.84E-05,409.795638,10,1,427.4746635,0.578192496,0.810820428,525.0588004,1,35.84865927,2311885.249,789.2940602,1703.360415,807.3904864,0,0,0,0,70.97807253,189.8797117,8742.340856
29.51,1518.766279,0,0,6.150000014,0,62051.83955,0.9,97.02733302,0.2802951,346.16136,298.2271955,101457.3923,1.1853717,1.84E-05,409.795638,10,1,427.6470518,0.578148419,0.810829567,525.1184459,1,35.84865927,2312917.172,789.4100705,1703.479706,807.3904864,0,0,0,0,70.97807253,189.8875905,8742.241988
29.71,1538.297863,0,0,6.850000016,0,62009.45099,0.9,97.54726738,0.2817971,346.16136,298.2271955,101457.3923,1.1853717,1.84E-05,409.795638,10,1,427.8062861,0.578105985,0.810836679,525.1780913,1,35.84865927,2313893.192,789.4637515,1703.598996,807.3904864,0,0,0,0,70.97807253,190.0451671,8742.146537
29.91,1557.829447,0,0,7.550000018,0,61967.06242,0.9,98.06720175,0.2832991,346.16136,298.2271955,101457.3923,1.1853717,1.84E-05,409.795638,10,1,427.9655203,0.57806355,0.810843791,525.2377368,1,35.84865927,2314869.212,789.5174324,1703.718287,807.3904864,0,0,0,0,70.97807253,190.2027436,8742.051086
30.11,1577.496484,0,0,8.25000002,0,61925.84655,0.9,98.57190501,0.2847571,346.16136,298.2271955,101457.3923,1.1853717,1.84E-05,409.795638,10,1,428.1175197,0.578023334,0.810850904,525.2973822,1,35.84865927,2315822.911,789.5776743,1703.834298,807.3904864,0,0,0,0,70.97807253,190.2736531,8741.958484
30.31,1597.274347,0,0,8.950000022,0,61885.59016,0.9,99.06414646,0.2861791,346.16136,298.2271955,101457.3923,1.1853717,1.84E-05,409.795638,10,1,428.2635998,0.577984931,0.810858016,525.3570276,1,35.84865927,2316758.349,789.6432842,1703.947624,807.3904864,0,0,0,0,70.97807253,190.2736531,8741.868215
30.51,1617.063831,0,0,9.649871452,0,61845.52843,0.9,99.55382138,0.287593686,346.16136,298.2271955,101457.3923,1.1853717,1.84E-05,409.795638,10,1,428.4096354,0.577946628,0.810865021,525.4165197,1,35.84865927,2317688.945,789.7115782,1704.059417,807.3904864,0,0,0,0,70.97807253,190.2787181,8741.778412
30.71,1637.074125,0,0,10.34730002,0,61809.16528,0.9,99.99473208,0.2888674,346.16136,298.2271955,101457.3923,1.1853717,1.84E-05,409.795638,10,1,428.5548253,0.5779102,0.81087,525.4730977,1,35.84865927,2318527.563,789.8308691,1704.142068,807.3904864,0,0,0,0,70.97807253,190.3800172,8741.697486
30.91,1657.08442,0,0,11.04472859,0,61772.80214,0.9,100.4356428,0.290141115,346.16136,298.2271955,101457.3923,1.1853717,1.84E-05,409.795638,10,1,428.7000152,0.577873772,0.810874979,525.5296757,1,35.84865927,2319366.181,789.95016,1704.22472,807.3904864,0,0,0,0,70.97807253,190.4813164,8741.61656
31.05,1671.142745,0,0.006096,11.53321429,0.024750001,61748.93394,0.9,100.7270216,0.290982857,346.16136,298.2271955,101457.3923,1.1853717,1.84E-05,409.7953799,10,1,428.7946508,0.577849494,0.810879886,525.5658933,1,35.84865927,2319916.399,790.0038409,1704.272564,807.3904864,0,0,0,0,70.97807253,190.5409703,8741.563093
31.25,1691.357516,0,0.03048,12.23178571,0.123750003,61718.91481,0.9,101.0988978,0.292057143,346.16136,298.2271955,101457.3923,1.1853717,1.84E-05,409.7943475,10,1,428.9118512,0.577817949,0.810890555,525.6089232,1,35.84865927,2320607.759,790.0038409,1704.315168,807.3904864,0,0,0,0,70.97807253,190.5972477,8741.494892
31.45,1711.572287,0,0.054864,12.93035712,0.222750005,61688.89567,0.9,101.470774,0.293131429,346.16136,298.2271955,101457.3923,1.1853717,1.84E-05,409.7933151,10,1,429.0290516,0.577786404,0.810901223,525.651953,1,35.84865927,2321299.118,790.0038409,1704.357771,807.3904864,0,0,0,0,70.97807253,190.6535251,8741.42669
31.65,1731.912462,0,0.22098,13.55799998,0.468000006,61665.06593,0.9,101.7532664,0.2939475,346.16136,298.2271955,101457.3923,1.1853717,1.84E-05,409.7862821,10,1,429.1180645,0.577761237,0.810918115,525.6850775,1,35.93729607,2321829.595,790.0038409,1704.435523,807.3904864,0,0,0,0,70.97807253,190.6675944,8741.374851
31.85,1752.294438,0,0.43434,14.16199998,0.762000006,61643.29931,0.9,102.0059642,0.2946775,346.16136,298.2271955,101457.3923,1.1853717,1.84E-05,409.7772489,10,1,429.1976817,0.577738196,0.810937081,525.7149003,1,36.05547846,2322306.445,790.0038409,1704.524992,807.3904864,0,0,0,0,70.97807253,190.6675944,8741.328465
32.05,1772.700798,0,0.718566,14.62449999,1.060000008,61622.42975,0.9,102.2439501,0.295365,346.16136,298.2271955,101457.3923,1.1853717,1.84E-05,409.7652153,10,1,429.2738372,0.577717075,0.810960788,525.7417407,1,36.15396379,2322755.394,790.0336636,1704.599549,807.3904864,0,0,0,0,70.97807253,190.6675944,8741.284784
32.25,1793.18031,0,1.21539,14.6625,1.370000015,61604.25135,0.9,102.4378005,0.295925,346.16136,298.2271955,101457.3923,1.1853717,1.84E-05,409.7441805,10,1,429.3396078,0.577701714,0.81099872,525.7596343,1,36.19335792,2323120.64,790.1529545,1704.629372,807.3904864,0,0,0,0,70.97807253,190.6675944,8741.249219
32.45,1813.659822,0,1.712214,14.7005,1.680000021,61586.07295,0.9,102.6316508,0.296485,346.16136,298.2271955,101457.3923,1.1853717,1.84E-05,409.7231457,10,1,429.4053784,0.577686352,0.811036651,525.777528,1,36.23275205,2323485.887,790.2722454,1704.659194,807.3904864,0,0,0,0,70.97807253,190.6675944,8741.213654
32.65,1834.203342,0,2.394204,14.71,1.945000009,61568.10585,0.9,102.8021353,0.2969775,346.16136,298.2271955,101457.3923,1.1853717,1.84E-05,409.6942713,10,1,429.4581681,0.577673151,0.811089696,525.7976583,1,36.24260058,2323805.478,790.3020681,1704.66665,807.3904864,0,0,0,0,70.97807253,190.6675944,8741.182387
32.85,1854.768198,0,3.137916,14.71,2.194999989,61550.20919,0.9,102.9648311,0.2974475,346.16136,298.2271955,101457.3923,1.1853717,1.84E-05,409.6627837,10,1,429.5066307,0.577660671,0.81114778,525.8185342,1,36.24260058,2324109.85,790.3020681,1704.66665,807.3904864,0,0,0,0,70.97807253,190.6675944,8741.152553
33.05,1875.35058,0,3.934968,14.71,2.436499975,61532.48674,0.9,103.1240197,0.29791,346.158312,298.2219439,101455.6057,1.1853717,1.84E-05,409.6290378,10,1,429.5582326,0.57765083,0.811141853,525.8338767,1,36.24228146,2324370.742,790.2881513,1704.636632,807.3762687,0,0,0,0,70.97682264,190.7053062,8741.046212
33.25,1895.98554,0,4.89204,14.71,2.652499977,61515.28695,0.9,103.2726865,0.29835,346.14612,298.2009374,101448.4593,1.1853717,1.84E-05,409.588517,10,1,429.6192527,0.57764891,0.810943896,525.8326189,1,36.24100497,2324501.195,790.232484,1704.516558,807.3193976,0,0,0,0,70.97182309,190.8561534,8740.710354
33.45,1916.6205,0,5.849112,14.71,2.868499978,61498.08716,0.9,103.4213533,0.29879,346.133928,298.1799308,101441.3128,1.1853717,1.84E-05,409.5479962,10,1,429.6802727,0.57764699,0.810745939,525.8313611,1,36.23972849,2324631.648,790.1768166,1704.396484,807.2625266,0,0,0,0,70.96682353,191.0070006,8740.374496
33.65,1937.294322,0,6.950202,14.71,3.074749979,61481.3322,0.9,103.5545713,0.2991775,346.13088,298.1746792,101340.2919,1.184212097,1.84E-05,409.5013779,10,1,429.7214875,0.577639309,0.809968065,525.839992,1,36.20395778,2322564.546,790.1628998,1704.455919,807.2483089,0,0,0,0,70.96557364,190.8578209,8740.272948
33.85,1957.981098,0,8.099298,14.71,3.277749979,61464.72552,0.9,103.6826398,0.2995475,346.13088,298.1746792,101207.9794,1.182665961,1.84E-05,409.4527271,10,1,429.7561006,0.577629709,0.808996885,525.851919,1,36.15668899,2319764.925,790.1628998,1704.575189,807.2483089,0,0,0,0,70.96557364,190.6086321,8740.249503
34.05,1978.645349,0,9.30636696,14.71,3.479309983,61449.34136,0.9,103.8044748,0.2999001,346.130179,298.1734714,101097.31,1.181377513,1.84E-05,409.4016218,10,1,429.7929581,0.577621308,0.808190897,525.8637731,1,36.11722525,2317478.733,790.1665568,1704.664594,807.245039,0,0,0,0,70.96528618,190.4005896,8740.251512
34.25,1999.242027,0,10.6873548,14.71,3.676549994,61437.62474,0.9,103.9076097,0.3002005,346.1273748,298.1686402,101051.5694,1.180862134,1.84E-05,409.343153,10,1,429.8365491,0.577616508,0.807880483,525.8754085,1,36.10117667,2316732.823,790.181185,1704.664405,807.2319594,0,0,0,0,70.96413635,190.3159857,8740.329878
34.27,2001.301694,0,10.82545358,14.71,3.696273995,61436.45308,0.9,103.9179231,0.30023054,346.1270944,298.168157,101046.9953,1.180810596,1.84E-05,409.3373061,10,1,429.8409082,0.577616028,0.807849442,525.876572,1,36.09957181,2316658.232,790.1826478,1704.664386,807.2306514,0,0,0,0,70.96402136,190.3075253,8740.337715
35.27,2104.9753,0,18.48087134,14.71,4.667515991,61391.39773,0.9,104.3363729,0.30146274,346.1004,298.1221676,100980.6979,1.18021791,1.84E-05,409.013188,10,1,429.995136,0.577610508,0.807425335,525.8838001,1,36.07866938,2316459.571,790.2848378,1704.662551,807.1061443,0,0,0,0,70.95307589,190.1973331,8740.426361
36.27,2209.022663,0,27.86114011,14.71,5.62124199,61338.23722,0.9,104.6418005,0.30237516,346.0661344,298.0631396,100960.7038,1.18021791,1.84E-05,408.6160429,10,1,430.125597,0.57761647,0.807356516,525.8503934,1,36.07509742,2317010.519,790.1653831,1704.586073,806.9463378,0,0,0,0,70.93902723,190.1785027,8740.169365
37.27,2313.180588,0,38.98634011,14.71,6.579999997,61274.47939,0.9,104.8635691,0.30306274,346.0127456,297.9711804,100929.5551,1.18021791,1.83E-05,408.1450203,10,1,430.2236518,0.577656126,0.807001393,525.7888411,1,36.06953199,2317014.715,789.9215991,1704.09718,806.6973766,0,0,0,0,70.91714092,190.1491633,8739.279359
38.27,2417.292697,0,51.85647134,14.71,7.541241991,61200.78723,0.9,104.990428,0.30346274,345.9746944,297.9056478,100852.6331,1.179577809,1.83E-05,407.6001199,10,1,430.2887266,0.57769089,0.806669461,525.7214957,1,36.04600553,2315728.012,789.7478723,1703.7224,806.5199602,0,0,0,0,70.90154417,190.0251378,8738.5848
39.27,2521.260173,0,66.51356573,14.71,8.512483997,61117.21593,0.9,104.9990781,0.3035379,345.91752,297.8071948,100488.2267,1.175704221,1.83E-05,406.9807073,10,0,430.3170977,0.577747301,0.803833312,525.6259984,1,35.92169798,2307436.295,789.4868734,1703.159347,806.2534185,0,0,0,0,70.87811236,189.3698208,8737.190798
40.27,2624.873244,0,82.94228573,14.71,9.502484011,61024.0446,0.9,104.8453819,0.30315032,345.8527744,297.695724,100395.9188,1.17506412,1.83E-05,406.2885287,10,0,430.310021,0.577827683,0.803171447,525.4924904,1,35.89542001,2304852.115,789.1913643,1702.521846,805.9516335,0,0,0,0,70.85158231,189.2312902,8735.297345
41.27,2727.998442,0,101.0744903,14.58083199,10.44044801,60921.01262,0.9,104.5862863,0.30247452,345.7689056,297.5513601,100292.5758,1.174424019,1.83E-05,405.5245789,10,0,430.2748252,0.577939375,0.802216171,525.2971694,1,35.86716761,2301789.434,788.8086555,1701.659276,805.560797,0,0,0,0,70.81722369,189.082351,8732.728852
42.27,2830.727203,0,120.4374467,13.73334198,10.92522401,60809.17053,0.9,104.4932653,0.3022621,345.70416,297.4399365,99924.34912,1.170550431,1.83E-05,404.7091139,10,0,430.2719837,0.578012541,0.799572228,525.1636444,1,35.74217327,2293126.012,788.5132716,1700.835441,805.25914,0,0,0,0,70.79070488,188.4234134,8730.95213
43.27,2933.33424,0,140.4249505,13.187196,11.12130599,60694.73886,0.9,104.5559215,0.3025,345.6394144,297.3285344,99777.68027,1.169270229,1.83E-05,403.8704715,10,0,430.3296543,0.578074914,0.798743635,525.056149,1,35.69639631,2289997.494,788.2179447,1700.384955,804.9575412,0,0,0,0,70.76419119,188.1820892,8729.475363
44.27,3035.941277,0,160.7057025,12.999936,11.22379,60579.77128,0.9,104.6373627,0.30281242,345.55176,297.1777486,99396.70339,1.165396641,1.83E-05,403.0201793,10,0,430.4192688,0.578157742,0.795676077,524.9087438,1,35.56911815,2281564.213,787.8182113,1699.559544,804.5493186,0,0,0,0,70.72830415,187.511112,8727.469561
45.27,3138.624611,0,181.1273025,12.92248399,11.278758,60464.30171,0.9,104.7404245,0.30318758,345.4641056,297.0270001,99291.70844,1.16475654,1.83E-05,402.1643519,10,0,430.5044942,0.57824057,0.794830788,524.7762336,1,35.54056254,2279539.031,787.4185772,1698.697414,804.1411974,0,0,0,0,70.69242602,187.3605742,8725.505397
46.27,3241.380262,0,201.6632512,12.872484,11.31627401,60349.27889,0.9,104.831845,0.30351242,345.3955744,296.9091666,99197.77904,1.164116439,1.83E-05,401.3073462,10,0,430.5484509,0.578304136,0.794405237,524.6495575,1,35.51398546,2277779.341,787.1430731,1698.060396,803.8221869,0,0,0,0,70.66438166,187.2204669,8723.990513
47.27,3344.242691,0,222.26016,12.84124201,11.32875799,60234.19982,0.9,104.9402254,0.3039,345.3117056,296.7649935,98819.69222,1.160242851,1.83E-05,400.4485758,10,0,430.6296481,0.578374978,0.791450445,524.5247511,1,35.38721836,2269492.981,786.9839002,1697.4589,803.4318671,0,0,0,0,70.63006846,186.5999277,8722.129997
48.27,3447.185008,0,242.8722112,12.82,11.32999999,60118.82425,0.9,105.0574961,0.3043,345.2431744,296.6472121,98671.47757,1.158962649,1.83E-05,399.5895422,10,0,430.6994336,0.578431328,0.790608644,524.416623,1,35.34115695,2266496.027,786.7084064,1696.822053,803.1129972,0,0,0,0,70.60203647,186.6457633,8720.66506
49.27,3550.257012,0,263.5262944,12.80124201,11.32751599,60003.07747,0.9,105.1657519,0.30468758,345.1593056,296.5031026,98293.9163,1.155089061,1.83E-05,398.7315711,10,0,430.7847532,0.578508195,0.787667722,524.2731005,1,35.21448018,2258278.24,786.3262281,1696.034569,802.7228497,0,0,0,0,70.56773842,186.0243192,8718.804329
50.27,3653.412688,0,284.16504,12.79,11.30999999,59887.27549,0.9,105.2569706,0.30501242,345.0907744,296.3853731,98145.9893,1.153808859,1.83E-05,397.8747788,10,0,430.8501158,0.578564544,0.786827511,524.1612107,1,35.16846719,2255210.68,786.0140095,1695.583904,802.4041206,0,0,0,0,70.5397188,185.7812507,8717.289197
51.27,3756.698051,0,304.8037856,12.79242001,11.294968,59772.00759,0.9,105.3596659,0.30538758,345.00312,296.2348266,97766.80905,1.149935271,1.83E-05,397.0185818,10,0,430.9131787,0.578637772,0.783810304,524.0097809,1,35.04149646,2246864.6,785.6147602,1694.759443,801.9965461,0,0,0,0,70.50388873,185.1105139,8715.324347
52.27,3860.059517,0,325.46544,12.84764402,11.305032,59659.51107,0.9,105.4406564,0.3057,344.9154656,296.0843175,97662.73523,1.14929517,1.83E-05,396.1650364,10,0,430.9935121,0.578712191,0.783012857,523.8583028,1,35.01309157,2244790.089,785.2156102,1693.898381,801.5890729,0,0,0,0,70.46806758,184.960462,8713.317683
53.27,3963.512423,0,346.1233088,12.78869399,11.28751599,59544.78099,0.9,105.5274433,0.30601242,344.8469344,295.9666712,97569.56358,1.148655069,1.82E-05,395.3122415,10,0,431.0370302,0.578774565,0.782615112,523.7462945,1,34.98663909,2243026.637,784.9036121,1693.262082,801.270569,0,0,0,0,70.44006775,184.8207239,8711.793987
54.27,4067.079677,0,366.7315744,12.76248401,11.24875799,59429.73876,0.9,105.6354014,0.3064,344.7630656,295.8227272,97193.23954,1.144781481,1.82E-05,394.4620504,10,0,431.1176472,0.578844216,0.779697306,523.6025501,1,34.86017424,2234764.087,784.5586099,1692.660899,800.8808693,0,0,0,0,70.40580907,184.1526596,8709.93254
55.27,4170.745942,0,387.3017888,12.76000003,11.20124201,59314.97467,0.9,105.7522813,0.3068,344.6945344,295.7051329,97045.95517,1.143501279,1.82E-05,393.6162036,10,0,431.1826721,0.578892157,0.778863536,523.4904666,1,34.81426846,2231777.817,784.4689866,1692.02477,800.5625062,0,0,0,0,70.37782162,183.9101573,8708.466827
56.27,4274.530343,0,407.8186144,12.76000003,11.15999999,59200.544,0.9,105.8601147,0.30718758,344.6106656,295.5612524,96670.15561,1.139627691,1.82E-05,392.7729322,10,0,431.2415047,0.578960615,0.775949213,523.3466359,1,34.68789392,2223582.836,784.1240027,1691.238191,800.1729787,0,0,0,0,70.34357808,183.2425701,8706.605283
57.27,4378.436663,0,428.2936032,12.76000003,11.12000001,59086.68797,0.9,105.950984,0.30751242,344.5421344,295.4437101,96523.15823,1.138347489,1.82E-05,391.9321665,10,0,431.302121,0.579015772,0.775122681,523.2381463,1,34.64203657,2220527.191,783.8121629,1690.787654,799.8547563,0,0,0,0,70.315603,183.0003236,8705.089478
58.27,4482.461117,0,448.6922944,12.76000003,11.08000001,58973.5181,0.9,106.058698,0.3079,344.4582656,295.2998933,96147.88284,1.134473901,1.82E-05,391.0980605,10,0,431.3608057,0.579084231,0.772201864,523.1164223,1,34.51575235,2212266.567,783.4306169,1690.001289,799.4654011,0,0,0,0,70.2813746,182.3332136,8703.227702
59.27,4586.588368,0,469.0491488,12.76124201,11.03999999,58860.82983,0.9,106.1753533,0.3083,344.3897344,295.1824029,96055.39447,1.1338338,1.82E-05,390.2660853,10,0,431.4212955,0.57913098,0.771801176,523.0078449,1,34.4894133,2210534.711,783.118915,1689.36555,799.1473195,0,0,0,0,70.2534119,182.1940746,8701.761579
60.27,4690.852877,0,489.3526144,12.76875799,10.99999998,58748.56803,0.9,106.2817739,0.30868758,344.30208,295.0321623,95952.31119,1.133193699,1.82E-05,389.4369089,10,0,431.4793638,0.579195799,0.771002387,522.8559941,1,34.46117032,2208606.401,782.7203266,1688.727449,798.740573,0,0,0,0,70.21765463,182.044878,8699.803907
61.27,4795.223968,0,509.6142432,12.76999997,10.96000002,58636.62113,0.9,106.366531,0.30901242,344.2144256,294.8819591,95575.63494,1.129320111,1.82E-05,388.6121645,10,0,431.5373481,0.579266642,0.768006353,522.7040954,1,34.3346286,2200258.502,782.3584581,1687.904334,798.333928,0,0,0,0,70.18190627,181.4227307,8697.804476
62.27,4899.732317,0,529.7995744,12.77124199,10.92,58524.98922,0.9,106.4787379,0.3094,344.1458944,294.764552,95429.27862,1.128039909,1.82E-05,387.7908406,10,0,431.6019124,0.579313391,0.767177658,522.5917323,1,34.28887845,2197270.925,782.2685068,1687.232295,798.0160715,0,0,0,0,70.15396336,181.4611137,8696.329641
63.27,5004.343462,0,549.9430688,12.778758,10.87999998,58413.78372,0.9,106.5904136,0.3098,344.0620256,294.6209006,95055.23708,1.124166321,1.82E-05,386.9718787,10,0,431.6818016,0.579374633,0.764255543,522.4475808,1,34.16280615,2189110.226,781.9238701,1686.446623,797.6271641,0,0,0,0,70.11977433,180.8400717,8694.475475
64.27,5109.107855,0,570.0385511,12.77999998,10.841368,58302.97928,0.9,106.7021937,0.31018632,343.9938784,294.5042029,94963.47661,1.12352622,1.82E-05,386.1579616,10,0,431.7242657,0.579425971,0.763870022,522.3375813,1,34.13659,2187375.721,781.6141543,1685.99998,797.3112283,0,0,0,0,70.09200028,180.701297,8693.009439
64.96,5181.594083,0,583.886942,12.75240002,10.8030347,57989.10441,0.89632,106.7582746,0.310400373,343.9373279,294.4073809,94916.2312,1.12333656,1.82E-05,385.5973371,10,0,431.0109115,0.579441237,0.764217531,521.5500836,1,34.05696789,2180084.864,780.5121388,1682.882101,797.0491023,0,0,0,0,69.85227716,180.3680975,8678.628624
65.96,5286.585458,0,603.4535251,12.02190398,10.31086402,51663.05406,0.8,106.842074,0.3107,343.87536,294.3013023,94478.76088,1.118562089,1.82E-05,384.8052228,10,0,410.9267218,0.578919722,0.777872444,503.212735,1,32.11420064,2003269.891,758.1744553,1614.481368,796.7619158,0,0,0,0,64.15772231,172.4015026,8335.069152
66.96,5391.897223,0,621.6525235,11.078032,9.308960013,45151.9235,0.7004048,106.9262781,0.311,343.8144,294.196968,94429.25026,1.11837243,1.82E-05,384.0697156,10,0,387.3808223,0.578470614,0.795027448,484.691224,1,29.90157201,1825660.162,736.4509349,1549.79568,796.4794513,0,0,0,0,58.27269063,163.5900867,7992.884158
67.96,5497.6301,0,637.7504502,10.62747203,8.024352004,39550.03288,0.6142752,107.0104455,0.3113,343.75344,294.092652,94379.75975,1.11818277,1.82E-05,383.4196822,10,0,364.7296203,0.578179708,0.809600603,469.0501135,1,27.75853234,1671999.78,717.4290242,1494.031953,796.1970368,0,0,0,0,53.13151612,156.3701253,7697.406674
68.96,5603.727615,0,651.8524001,11.38190403,7.099935979,39288.05075,0.611,107.0933117,0.31159632,343.69248,293.9883546,93943.44684,1.113408299,1.81E-05,382.8502468,10,0,363.9015975,0.578205745,0.806482088,468.3528473,1,27.55396714,1658755.961,716.7327879,1491.413741,795.9146724,0,0,0,0,52.91790382,155.4043746,7685.125837
69.96,5710.098328,0,664.4857018,11.96969599,6.44552,39241.88843,0.611,107.1446574,0.3118,343.6326417,293.8859942,93894.73828,1.11321864,1.81E-05,382.3401148,10,0,363.9400659,0.57824344,0.806036126,468.2474728,1,27.54447673,1658087.182,716.4940539,1491.166718,795.6375521,0,0,0,0,52.89947896,155.3508488,7683.977951
70.96,5816.62705,0,676.0477167,12.286688,5.944784009,39199.44387,0.611,107.2031744,0.312,343.5999183,293.8300247,93876.85634,1.11321864,1.81E-05,381.8743725,10,0,363.9766579,0.578264055,0.806233104,468.1898424,1,27.54185373,1657959.159,716.3576,1490.893545,795.4860257,0,0,0,0,52.88940443,155.3360551,7683.432902
71.96,5923.335287,0,686.8127651,12.50852799,5.57257601,39159.69553,0.611,107.253563,0.3122,343.5412017,293.72961,93828.78631,1.11302898,1.81E-05,381.4418996,10,0,364.0137285,0.578301044,0.805666298,468.0864253,1,27.5324557,1657297.85,716.1127892,1490.384041,795.2141731,0,0,0,0,52.8713298,155.2830501,7682.306717
72.96,6030.166565,0,696.938855,12.68815999,5.272575985,39122.30865,0.611,107.3123989,0.3124,343.5096,293.6755732,93409.11018,1.108254509,1.81E-05,381.0350966,10,0,364.0183872,0.578320952,0.802319618,468.0307609,1,27.41183032,1650071.916,715.9810475,1490.109859,795.0678793,0,0,0,0,52.86160317,154.602723,7681.786666
73.96,6137.090405,0,706.6032584,12.81889598,5.041840023,39086.70652,0.611,107.3715728,0.3126,343.47912,293.6234592,93376.55042,1.10806485,1.81E-05,380.6468407,10,0,364.0535192,0.578340153,0.80228205,467.9770691,1,27.40470717,1649683.516,715.8539934,1489.845432,794.926791,0,0,0,0,52.85222265,154.5625484,7681.291657
74.96,6244.104564,0,715.873665,12.91926401,4.861471988,39052.44431,0.611,107.4307345,0.3128,343.44864,293.5713497,93359.97887,1.10806485,1.81E-05,380.2744136,10,0,364.0899032,0.578359001,0.80234935,467.9244546,1,27.40227531,1649574.03,715.7269507,1489.591832,794.7857152,0,0,0,0,52.84284296,154.5488327,7680.796615
75.96,6351.180803,0,724.8663867,12.99926402,4.72110399,39019.22003,0.611,107.489884,0.313,343.41816,293.5192449,93343.4088,1.10806485,1.81E-05,379.9131418,10,0,364.126275,0.578369308,0.802403938,467.8979481,1,27.39984344,1649381.468,715.5999192,1489.599366,794.644652,0,0,0,0,52.83346409,154.535117,7680.30154
76.96,6458.293184,0,733.6146933,13.05967918,4.611217226,38986.76845,0.611,107.5459445,0.31319264,343.3859257,293.4641464,93284.91385,1.107578373,1.81E-05,379.5620955,10,0,364.1582468,0.578389261,0.802037638,467.8422311,1,27.38524336,1648524.128,715.4655889,1489.330543,794.4954836,0,0,0,0,52.82354635,154.4527725,7679.76033
77.35,6499.93402,0,736.9470813,13.07881539,4.58282692,38974.6441,0.611,107.5446481,0.3132105,343.3622058,293.4236052,92995.84046,1.104298563,1.81E-05,379.4287936,10,0,364.1428297,0.578404204,0.799418908,467.7973529,1,27.30226507,1643432.245,715.3667496,1489.124797,794.3857265,0,0,0,0,52.81624895,153.984775,7679.246508
78.35,6607.09184,0,745.4702388,13.11790001,4.527900023,38944.08826,0.611,107.5678661,0.3133105,343.32672,293.3629585,92859.78318,1.10291106,1.81E-05,379.0879236,10,0,364.1666515,0.578426559,0.798318955,467.7147251,1,27.26514064,1641120.697,715.2188928,1488.817014,794.2215375,0,0,0,0,52.80533253,153.7753932,7678.546208
79.35,6714.35096,0,753.9099984,13.14105003,4.461049995,38913.09083,0.611,107.6197664,0.3134895,343.29624,293.3108722,92843.29602,1.10291106,1.81E-05,378.750389,10,0,364.1993762,0.57844576,0.798320113,467.6811055,1,27.26272008,1640995.507,715.0919064,1488.552676,794.0805243,0,0,0,0,52.79595699,153.7617413,7678.031461
80.35,6821.646961,0,762.2342388,13.16894999,4.402099983,38882.49968,0.611,107.6517464,0.3136105,343.26576,293.2587906,92826.81034,1.10291106,1.81E-05,378.4174745,10,0,364.2085754,0.578464961,0.798318955,467.6304671,1,27.26029953,1640816.445,714.9649313,1488.288362,793.9395236,0,0,0,0,52.78658229,153.7480894,7677.462656
81.35,6929.0216,0,770.4638388,13.18999999,4.360000006,38852.13465,0.611,107.7036266,0.3137895,343.23528,293.2067135,92810.32611,1.10291106,1.81E-05,378.0883448,10,0,364.2376749,0.578484162,0.798309084,467.5767458,1,27.25787897,1640691.198,714.8379675,1488.054857,793.7985355,0,0,0,0,52.77720843,153.7344374,7676.947855
82.35,7036.436321,0,778.6051992,13.20894999,4.321050009,38822.15217,0.611,107.7355902,0.3139105,343.2048,293.1546411,92748.31489,1.102369912,1.81E-05,377.7627443,10,0,364.2468577,0.578503364,0.79790521,467.5230213,1,27.2420856,1639707.188,714.7417954,1488.022175,793.6575598,0,0,0,0,52.7678354,153.6453628,7676.379005
83.35,7143.9056,0,786.6855996,13.22000001,4.289999988,38792.3491,0.611,107.7874503,0.3140895,343.17432,293.1025733,92389.34741,1.098298418,1.81E-05,377.4395815,10,0,364.275937,0.578522565,0.794937416,467.4692939,1,27.13905946,1633526.322,714.8463986,1487.788662,793.5165967,0,0,0,0,52.7584632,153.0642953,7675.86413
84.35,7251.411761,0,794.7323196,13.23000001,4.261049995,38762.70986,0.611,107.8193973,0.3142105,343.14384,293.0505102,92327.42014,1.09775727,1.81E-05,377.1183269,10,0,364.2851034,0.578540758,0.794523779,467.4155634,1,27.12327798,1632543.136,714.7501942,1487.52439,793.3756461,0,0,0,0,52.74909183,152.9752878,7675.295088
85.35,7358.97248,0,802.7453592,13.24,4.239999978,38733.32047,0.611,107.8712374,0.3143895,343.11336,292.9984516,92311.01877,1.09775727,1.81E-05,376.7996778,10,0,364.3141627,0.578552375,0.794500671,467.3618299,1,27.12086873,1632418.361,714.6232235,1487.26014,793.2347081,0,0,0,0,52.73972129,152.9616996,7674.780158
86.35,7466.570081,0,810.7038396,13.24895,4.221049972,38703.97779,0.611,107.9031679,0.3145105,343.08288,292.9463977,92294.61885,1.09775727,1.81E-05,376.4832375,10,0,364.3233124,0.578570568,0.794468892,467.3080934,1,27.11845949,1632240.024,714.496264,1486.995914,793.0937825,0,0,0,0,52.73035159,152.9481115,7674.211219
87.35,7574.22224,0,818.6286396,13.25000001,4.208950014,38674.76781,0.611,107.95859,0.3147,343.0524,292.8943484,92278.22039,1.09775727,1.81E-05,376.1681357,10,0,364.3559538,0.578588761,0.794437111,467.2543537,1,27.11605024,1632124.882,714.3693158,1486.731713,792.9528695,0,0,0,0,52.72098271,152.9345233,7673.706028
88.35,7681.90808,0,826.52616,13.25105001,4.190000014,38645.69054,0.611,108.0140006,0.3148895,343.02192,292.8423037,92216.34346,1.097216122,1.81E-05,375.8541185,10,0,364.3885836,0.578600378,0.794021241,467.2006112,1,27.1002753,1631205.204,714.2423789,1486.498282,792.8119689,0,0,0,0,52.71161468,152.8455527,7673.200807
89.35,7789.627601,0,834.4172796,13.25895,4.171050007,38616.6444,0.611,108.0459048,0.3150105,342.99144,292.7902637,91857.82666,1.093144628,1.81E-05,375.5403559,10,0,364.3977071,0.578618571,0.791043185,467.1468655,1,26.99731408,1624974.577,714.1154532,1486.465424,792.671081,0,0,0,0,52.70224747,152.2648514,7672.631796
90.35,7897.404881,0,842.2811196,13.26000001,4.159999995,38587.73097,0.611,108.0976932,0.3151895,342.96096,292.7382283,91796.0336,1.09260348,1.81E-05,375.2276781,10,0,364.4267147,0.578637772,0.790618804,467.0931168,1,26.98155104,1624045.787,713.9885389,1486.231985,792.5302055,0,0,0,0,52.6928811,152.2137215,7672.116746
91.35,8005.23672,0,850.11768,13.26000001,4.149999991,38558.96582,0.611,108.1259802,0.3153,342.93048,292.6861975,91779.71793,1.09260348,1.81E-05,374.9160849,10,0,364.4322209,0.578656973,0.790586026,467.0393651,1,26.9791531,1623858.549,713.8616358,1485.967825,792.3893425,0,0,0,0,52.68351555,152.4843736,7671.5379
92.35,8113.084561,0,857.9478396,13.26000001,4.141050006,38530.33337,0.611,108.1542603,0.3154105,342.9,292.6341714,91763.40372,1.09260348,1.81E-05,374.6055588,10,0,364.4377202,0.578675166,0.7905521,466.9856104,1,26.97675517,1623671.3,713.7347439,1485.703688,792.2484921,0,0,0,0,52.67415085,152.5085892,7670.958907
93.35,8221.00464,0,865.7507196,13.26000001,4.137899993,38501.73205,0.611,108.2060201,0.3155895,342.86952,292.5821498,91747.09095,1.09260348,1.81E-05,374.2967126,10,0,364.4666994,0.578686783,0.790510691,466.9318526,1,26.97435724,1623546.887,713.6078634,1485.439575,792.1076542,0,0,0,0,52.66478696,152.4950329,7670.443759
94.35,8328.940721,0,873.52632,13.26105001,4.121049986,38473.24787,0.611,108.2378845,0.3157105,342.83904,292.5301329,91685.34817,1.092062332,1.81E-05,373.988946,10,0,364.475783,0.578704976,0.790085259,466.8780918,1,26.95860074,1622565.223,713.4809941,1485.175485,791.9668288,0,0,0,0,52.65542392,152.4059562,7669.87464
95.35,8436.931361,0,881.29872,13.26895,4.109999991,38444.79484,0.611,108.2896244,0.3158895,342.80856,292.4781206,91327.28179,1.087990838,1.81E-05,373.681306,10,0,364.5047421,0.578723169,0.787105836,466.8243281,1,26.85570444,1616391.942,713.3541361,1484.942127,791.8260159,0,0,0,0,52.64606171,151.8242491,7669.359457
96.35,8544.97976,0,889.0679196,13.27000001,4.099999986,38416.45894,0.611,108.3214722,0.3160105,342.77808,292.426113,91265.62284,1.08744969,1.81E-05,373.373792,10,0,364.5138092,0.578734786,0.786671981,466.7705612,1,26.83995983,1615411.106,713.2272894,1484.909095,791.6852155,0,0,0,0,52.63670033,151.7352396,7668.790294
97.35,8653.06184,0,896.8098396,13.27000001,4.089999982,38388.1386,0.611,108.373192,0.3161895,342.7476,292.3741099,91249.39279,1.08744969,1.81E-05,373.0673588,10,0,364.5427482,0.578752979,0.786629624,466.7167914,1,26.83757321,1615287.169,713.100454,1484.67573,791.5444277,0,0,0,0,52.62733978,151.7217473,7668.275056
98.35,8761.177601,0,904.52448,13.27000001,4.080000018,38359.83384,0.611,108.4050234,0.3163105,342.71712,292.3221115,91233.16419,1.08744969,1.81E-05,372.7620049,10,0,364.5517989,0.578771172,0.786594717,466.6630185,1,26.83518659,1615110.284,713.0043229,1484.411682,791.4036524,0,0,0,0,52.61798007,151.7082549,7667.705848
99.35,8869.34792,0,912.23592,13.27000001,4.070000014,38331.64621,0.611,108.4567231,0.3164895,342.68664,292.2701177,91216.93703,1.08744969,1.81E-05,372.4567772,10,0,364.5807178,0.578782789,0.786552361,466.6092426,1,26.83279996,1614986.29,713.1083969,1484.147657,791.2628896,0,0,0,0,52.60862118,151.6947625,7667.190537
100.35,8977.55192,0,919.9441596,13.27000001,4.061050012,38303.47415,0.611,108.4885379,0.3166105,342.65616,292.2181285,91200.7113,1.08744969,1.81E-05,372.1516769,10,0,364.589752,0.578800982,0.786510004,466.5554637,1,26.83041334,1614809.37,713.0122336,1483.883657,791.1221393,0,0,0,0,52.59926313,151.6812701,7666.621156
101.35,9085.952096,0,927.6370155,13.27000001,4.058018854,38275.2639,0.611,108.5444218,0.316798811,342.6288804,292.171602,91100.58076,1.086428724,1.81E-05,371.8471856,10,0,364.625247,0.578816265,0.785803664,466.5073291,1,26.80308948,1613207.975,712.8987091,1483.647395,790.9961782,0,0,0,0,52.59088837,151.5267992,7666.186183
101.88,9143.858861,0,931.7383472,13.27000001,4.053544764,38260.30596,0.611,108.5713013,0.316882792,342.6229002,292.1614031,90825.22551,1.083182764,1.81E-05,371.6848502,10,0,364.6476569,0.578813986,0.783646252,466.4967768,1,26.72254251,1608408.249,712.8738236,1483.595605,790.9685665,0,0,0,0,52.58905255,151.0714403,7666.130503
102.88,9252.29822,0,939.4517802,13.26908801,4.066352022,38232.94934,0.611,108.5746678,0.31691824,342.5952,292.114164,90736.18711,1.0822959,1.81E-05,371.3795436,10,0,364.6303202,0.578829784,0.783020425,466.4478969,1,26.69850436,1606855.412,712.7585602,1483.382365,790.8406763,0,0,0,0,52.58054953,150.9355447,7665.543686
103.88,9360.62692,0,947.1327402,13.260912,4.050912014,38204.88546,0.611,108.6241483,0.31709088,342.56472,292.0621887,90720.0426,1.0822959,1.81E-05,371.0755228,10,0,364.65702,0.578848109,0.782985982,466.394109,1,26.69612905,1606651.953,712.6317405,1483.357219,790.6999636,0,0,0,0,52.57119397,150.9221162,7665.022354
104.88,9469.01102,0,954.786,13.26091201,4.039088001,38176.86167,0.611,108.6549847,0.31720912,342.53424,292.0102181,90703.89952,1.0822959,1.81E-05,370.7725987,10,0,364.6650757,0.578859461,0.782943677,466.340318,1,26.69375374,1606465.036,712.504932,1483.119897,790.5592634,0,0,0,0,52.56183925,150.9086878,7664.450445
105.88,9577.42838,0,962.4337002,13.26908801,4.020912001,38148.97264,0.611,108.7075695,0.31739088,342.50376,291.958252,90687.75788,1.0822959,1.81E-05,370.4698941,10,0,364.6948797,0.578877787,0.782900385,466.286524,1,26.69137843,1606343.984,712.3781349,1482.855962,790.4185757,0,0,0,0,52.55248536,150.8952594,7663.937556
106.88,9685.879,0,970.05648,13.27000001,4.010000004,38121.11065,0.611,108.7383896,0.31750912,342.47328,291.9062906,90671.61769,1.0822959,1.81E-05,370.168176,10,0,364.7029191,0.578896112,0.78285808,466.2327271,1,26.68900312,1606165.304,712.251349,1482.592049,790.2779005,0,0,0,0,52.54313231,150.8818309,7663.365602
107.88,9794.38502,0,977.6737002,13.27000001,4,38093.36989,0.611,108.7909542,0.31769088,342.4428,291.8543338,90616.10937,1.081825874,1.81E-05,369.8666784,10,0,364.7327029,0.578907464,0.78248367,466.1789271,1,26.6750383,1605346.72,712.1245744,1482.328162,790.1372379,0,0,0,0,52.53378008,150.8028832,7662.852641
108.88,9902.92708,0,985.266,13.27000001,3.990911998,38065.65617,0.611,108.8217579,0.31780912,342.41232,291.8023816,90247.09171,1.077612136,1.81E-05,369.5661672,10,0,364.7407259,0.578924914,0.779392778,466.1277853,1,26.5687736,1598915.935,711.9978111,1482.064296,789.9965877,0,0,0,0,52.52442869,150.2021334,7662.280508
109.88,10011.52454,0,992.8527402,13.27000001,3.989087989,38038.07721,0.611,108.8743023,0.31799088,342.38184,291.7504341,90191.66662,1.07714211,1.81E-05,369.2658754,10,0,364.7704896,0.578936266,0.779000928,466.0978322,1,26.55482062,1598097.914,711.8710591,1481.827062,789.8559502,0,0,0,0,52.51507813,150.1232526,7661.767626
110.88,10120.15526,0,1000.41178,13.26544,3.980911994,38010.63299,0.611,108.9019675,0.3181,342.35136,291.6984911,90175.609,1.07714211,1.81E-05,368.9666807,10,0,364.7753739,0.578953716,0.778956859,466.0440188,1,26.55245662,1597911.79,711.7443184,1481.80173,789.715325,0,0,0,0,52.5057284,150.1098881,7661.186977
111.88,10228.81924,0,1007.9459,13.227296,3.978175982,37983.18878,0.611,108.9296258,0.31820912,342.32088,291.6465528,90159.5528,1.07714211,1.81E-05,368.6684714,10,0,364.7802515,0.578965068,0.778913774,465.9690169,1,26.55009262,1597725.657,711.6175889,1481.564489,789.5747125,0,0,0,0,52.49637951,150.0965236,7660.606426
112.88,10337.53862,0,1015.496601,13.249088,3.959999974,37955.65039,0.611,108.9852631,0.3184,342.2904,291.5946191,90143.49804,1.07714211,1.81E-05,368.3696069,10,0,364.813108,0.578982518,0.778869706,465.9363821,1,26.54772862,1597613.214,711.4908707,1481.300666,789.4341124,0,0,0,0,52.48703145,150.0831591,7660.101818
113.88,10446.29126,0,1023.00024,13.26817601,3.941824027,37928.35445,0.611,109.0417745,0.31859088,342.2626998,291.5474258,90089.58034,1.076672084,1.81E-05,368.0726048,10,0,364.8457949,0.578992118,0.778534912,465.8901274,1,26.56625741,1596829.587,711.375719,1481.060923,789.3063458,0,0,0,0,52.47853664,150.0055284,7659.659391
114.88,10555.07716,0,1030.49832,13.27000001,3.939088025,37901.19326,0.611,109.0773505,0.3187,342.2571402,291.5379543,89734.08423,1.072458346,1.81E-05,367.7758221,10,0,364.8492329,0.57899387,0.775952609,465.8803098,1,26.74993506,1590626.362,711.3526085,1481.012808,789.2807037,0,0,0,0,52.47683178,149.4160293,7659.636489
115.88,10663.91846,0,1037.99362,13.27000001,3.930000014,37873.93789,0.611,109.1058664,0.31880912,342.22944,291.4907656,89680.23781,1.07198832,1.81E-05,367.47915,10,0,364.8539269,0.57900347,0.775625451,465.8313924,1,26.76821396,1589769.754,711.2640516,1480.77309,789.1529498,0,0,0,0,52.46833782,149.3384568,7659.117937
116.88,10772.79302,0,1045.464,13.26544,3.921824013,37846.79023,0.611,109.1583471,0.31899088,342.19896,291.4388459,89664.26413,1.07198832,1.81E-05,367.1834641,10,0,364.88363,0.57902092,0.77557283,465.7775632,1,26.7658299,1589649.56,711.3756417,1480.535916,789.0123874,0,0,0,0,52.45899225,149.3251563,7658.604747
117.88,10881.70084,0,1052.9316,13.227296,3.927264012,37819.65609,0.611,109.1890824,0.31910912,342.16848,291.3869307,89648.29187,1.07198832,1.81E-05,366.8878889,10,0,364.8915875,0.579032272,0.775520208,465.7237311,1,26.76344584,1589472.389,711.2754978,1480.510418,788.8718374,0,0,0,0,52.44964752,149.3118557,7658.032563
118.88,10990.66406,0,1060.393641,13.249088,3.91000001,37792.53547,0.611,109.2415428,0.31929088,342.138,291.3350202,89632.32103,1.07198832,1.81E-05,366.5925328,10,0,364.9212702,0.579049722,0.775475373,465.6698959,1,26.76106178,1589352.141,711.1487841,1480.273237,788.7313,0,0,0,0,52.44030362,149.2985552,7657.519335
119.88,11099.66332,0,1067.80862,13.26817601,3.891824006,37765.53607,0.611,109.2722617,0.31940912,342.10752,291.2831142,89577.05912,1.071518294,1.81E-05,366.2990402,10,0,364.9292114,0.579060198,0.775083738,465.6160578,1,26.74694519,1588478.152,711.0220818,1480.009503,788.590775,0,0,0,0,52.43096055,149.2197995,7656.947107
120.88,11208.7152,0,1075.24018,13.26544,3.890000006,37738.55021,0.611,109.324702,0.31959088,342.07704,291.2312129,89208.90153,1.067304556,1.81E-05,366.0048906,10,0,364.958874,0.579070675,0.771991092,465.5622167,1,26.63938963,1582111.705,710.8953906,1479.745792,788.4502626,0,0,0,0,52.42161832,148.6197527,7656.433807
121.88,11317.7782,0,1082.6496,13.227296,3.888176001,37711.56434,0.611,109.3522851,0.3197,342.04656,291.1793162,89153.72274,1.06683453,1.81E-05,365.7116177,10,0,364.9636794,0.579088124,0.771598742,465.5083726,1,26.62528504,1581230.426,710.7687109,1479.482105,788.3097627,0,0,0,0,52.41227692,148.5410639,7655.852918
122.88,11426.8966,0,1090.05346,13.249088,3.870911994,37684.60551,0.611,109.3798614,0.31980912,342.01608,291.1274241,89137.83436,1.06683453,1.81E-05,365.4185649,10,0,364.9653588,0.579099476,0.7715454,465.4545255,1,26.62291244,1581045.896,710.6420423,1479.218442,788.1692754,0,0,0,0,52.40293634,148.5278273,7655.272145
123.88,11536.07318,0,1097.42962,13.26908802,3.859999997,37657.90267,0.611,109.4322729,0.31999088,341.9856,291.0755367,89121.94739,1.06683453,1.81E-05,365.1266082,10,0,364.9701511,0.579116926,0.771492059,465.4006754,1,26.62053984,1580926.096,710.5153851,1478.954802,788.0288005,0,0,0,0,52.39359661,148.546535,7654.758783
124.88,11645.28302,0,1104.78086,13.27452801,3.850911995,37631.37515,0.611,109.4629523,0.32010912,341.95512,291.0236539,89106.06182,1.06683453,1.81E-05,364.8356378,10,0,364.9997762,0.579127403,0.771438717,465.3468223,1,26.61816724,1580749.662,710.3887392,1478.717726,787.8883382,0,0,0,0,52.3842577,148.8196503,7654.186449
125.88,11754.52334,0,1112.15146,13.236384,3.849087986,37605.07656,0.611,109.5153436,0.32029088,341.92464,290.9717757,89090.17768,1.06683453,1.80E-05,364.5439019,10,0,365.0045531,0.579137879,0.771385375,465.2929663,1,26.61579465,1580629.806,710.2621045,1478.692026,787.7478884,0,0,0,0,52.37491963,148.8383253,7653.673033
126.88,11863.79692,0,1119.49714,13.25000001,3.839999988,37578.58961,0.611,109.5468974,0.32040912,341.8969398,290.9246328,89036.49905,1.066364504,1.80E-05,364.2531514,10,0,365.0091728,0.579153577,0.771048602,465.2466726,1,26.6019131,1579782.716,710.1470286,1478.478984,787.6202583,0,0,0,0,52.3664339,148.7606982,7653.162878
127.88,11973.12868,0,1126.81512,13.263616,3.831823989,37552.31806,0.611,109.6072584,0.32059088,341.8913802,290.9151714,88681.78721,1.062150766,1.80E-05,363.9634983,10,0,365.0374266,0.579149231,0.768452312,465.2579805,1,26.49636479,1573650.199,710.1239334,1478.430901,787.5946436,0,0,0,0,52.36473086,148.1704611,7653.207233
128.88,12082.51584,0,1134.13032,13.227296,3.837263987,37526.07356,0.611,109.635682,0.3207,341.86368,290.8680332,88628.17977,1.06168074,1.80E-05,363.6739543,10,0,365.0451552,0.579164929,0.768115398,465.1878982,1,26.48249366,1572795.677,710.0088691,1478.191345,787.4670263,0,0,0,0,52.35624598,148.0928922,7652.688431
129.88,12150.33933,0,1138.665744,13.23859998,3.827599974,37509.80198,0.611,109.6508161,0.320762,341.8447824,290.8358767,88618.3816,1.06168074,1.80E-05,363.494437,10,0,365.0642474,0.579171757,0.768082486,465.1518494,1,26.48102976,1572676.743,709.930375,1478.027925,787.379969,0,0,0,0,52.3504578,148.0847059,7652.323017