t source [s],f50,f63,f80,f100,f125,f160,f200,f250,f315,f400,f500,f630,f800,f1000,f1250,f1600,f2000,f2500,f3150,f4000,f5000,f6300,f8000,f10000
0,0,0,0,0,0,0,0,0,0,0,0,0,0,0,0,0,0,0,0,0,0,0,0,0
0.5,0,0,0,0,0,0,0,0,0,0,0,0,0,0,0,0,0,0,0,0,0,0,0,0
1,0,0,0,0,0,0,0,0,0,0,0,0,0,0,0,0,0,0,0,0,0,0,0,0
1.5,0,0,0,0,0,0,0,0,0,0,0,0,0,0,0,0,0,0,0,0,0,0,0,0
2,0,0,0,0,0,0,0,0,0,0,0,0,0,0,0,0,0,0,0,0,0,0,0,0
2.5,0,0,0,0,0,0,0,0,0,0,0,0,0,0,0,0,0,0,0,0,0,0,0,0
3,0,0,0,0,0,0,0,0,0,0,0,0,0,0,0,0,0,0,0,0,0,0,0,0
3.5,0,0,0,0,0,0,0,0,0,0,0,0,0,0,0,0,0,0,0,0,0,0,0,0
4,0,0,0,0,0,0,0,0,0,0,0,0,0,0,0,0,0,0,0,0,0,0,0,0
4.5,0,0,0,0,0,0,0,0,0,0,0,0,0,0,0,0,0,0,0,0,0,0,0,0
5,0,0,0,0,0,0,0,0,0,0,0,0,0,0,0,0,0,0,0,0,0,0,0,0
5.5,0,0,0,0,0,0,0,0,0,0,0,0,0,0,0,0,0,0,0,0,0,0,0,0
6,0,0,0,0,0,0,0,0,0,0,0,0,0,0,0,0,0,0,0,0,0,0,0,0
6.5,0,0,0,0,0,0,0,0,0,0,0,0,0,0,0,0,0,0,0,0,0,0,0,0
7,0,0,0,0,0,0,0,0,0,0,0,0,0,0,0,0,0,0,0,0,0,0,0,0
7.5,0,0,0,0,0,0,0,0,0,0,0,0,0,0,0,0,0,0,0,0,0,0,0,0
8,0,0,0,0,0,0,0,0,0,0,0,0,0,0,0,0,0,0,0,0,0,0,0,0
8.5,0,0,0,0,0,0,0,0,0,0,0,0,0,0,0,0,0,0,0,0,0,0,0,0
9,0,0,0,0,0,0,0,0,0,0,0,0,0,0,0,0,0,0,0,0,0,0,0,0
9.5,0,0,0,0,0,0,0,0,0,0,0,0,0,0,0,0,0,0,0,0,0,0,0,0
10,0,0,0,0,0,0,0,0,0,0,0,0,0,0,0,0,0,0,0,0,0,0,0,0
10.5,0,0,0,0,0,0,0,0,0,0,0,0,0,0,0,0,0,0,0,0,0,0,0,0
11,0,0,0,0,0,0,0,0,0,0,0,0,0,0,0,0,0,0,0,0,0,0,0,0
11.5,0,0,0,0,0,0,0,0,0,0,0,0,0,0,0,0,0,0,0,0,0,0,0,0
12,0,0,0,0,0,0,0,0,0,0,0,0,0,0,0,0,0,0,0,0,0,0,0,0
12.5,0,0,0,0,0,0,0,0,0,0,0,0,0,0,0,0,0,0,0,0,0,0,0,0
13,0,0,0,0,0,0,0,0,0,0,0,0,0,0,0,0,0,0,0,0,0,0,0,0
13.5,0,0,0,0,0,0,0,0,0,0,0,0,0,0,0,0,0,0,0,0,0,0,0,0
14,0,0,0,0,0,0,0,0,0,0,0,0,0,0,0,0,0,0,0,0,0,0,0,0
14.5,0,0,0,0,0,0,0,0,0,0,0,0,0,0,0,0,0,0,0,0,0,0,0,0
15,0,0,0,0,0,0,0,0,0,0,0,0,0,0,0,0,0,0,0,0,0,0,0,0
15.5,0,0,0,0,0,0,0,0,0,0,0,0,0,0,0,0,0,0,0,0,0,0,0,0
16,0,0,0,0,0,0,0,0,0,0,0,0,0,0,0,0,0,0,0,0,0,0,0,0
16.5,0,0,0,0,0,0,0,0,0,0,0,0,0,0,0,0,0,0,0,0,0,0,0,0
17,0,0,0,0,0,0,0,0,0,0,0,0,0,0,0,0,0,0,0,0,0,0,0,0
17.5,0,0,0,0,0,0,0,0,0,0,0,0,0,0,0,0,0,0,0,0,0,0,0,0
18,0,0,0,0,0,0,0,0,0,0,0,0,0,0,0,0,0,0,0,0,0,0,0,0
18.5,0,0,0,0,0,0,0,0,0,0,0,0,0,0,0,0,0,0,0,0,0,0,0,0
19,0,0,0,0,0,0,0,0,0,0,0,0,0,0,0,0,0,0,0,0,0,0,0,0
19.5,0,0,0,0,0,0,0,0,0,0,0,0,0,0,0,0,0,0,0,0,0,0,0,0
20,0,0,0,0,0,0,0,0,0,0,0,0,0,0,0,0,0,0,0,0,0,0,0,0
20.5,0,0,0,0,0,0,0,0,0,0,0,0,0,0,0,0,0,0,0,0,0,0,0,0
21,0,0,0,0,0,0,0,0,0,0,0,0,0,0,0,0,0,0,0,0,0,0,0,0
21.5,0,0,0,0,0,0,0,0,0,0,0,0,0,0,0,0,0,0,0,0,0,0,0,0
22,0,0,0,0,0,0,0,0,0,0,0,0,0,0,0,0,0,0,0,0,0,0,0,0
22.5,0,0,0,0,0,0,0,0,0,0,0,0,0,0,0,0,0,0,0,0,0,0,0,0
23,0,0,0,0,0,0,0,0,0,0,0,0,0,0,0,0,0,0,0,0,0,0,0,0
23.5,0,0,0,0,0,0,0,0,0,0,0,0,0,0,0,0,0,0,0,0,0,0,0,0
24,0,0,0,0,0,0,0,0,0,0,0,0,0,0,0,0,0,0,0,0,0,0,0,0
24.5,0,0,0,0,0,0,0,0,0,0,0,0,0,0,0,0,0,0,0,0,0,0,0,0
25,0,0,0,0,0,0,0,0,0,0,0,0,0,0,0,0,0,0,0,0,0,0,0,0
25.5,0,0,0,0,0,0,0,0,0,0,0,0,0,0,0,0,0,0,0,0,0,0,0,0
26,0,0,0,0,0,0,0,0,0,0,0,0,0,0,0,0,0,0,0,0,0,0,0,0
26.5,0,0,0,0,0,0,0,0,0,0,0,0,0,0,0,0,0,0,0,0,0,0,0,0
27,0,0,0,0,0,0,0,0,0,0,0,0,0,0,0,0,0,0,0,0,0,0,0,0
27.5,0,0,0,0,0,0,0,0,0,0,0,0,0,0,0,0,0,0,0,0,0,0,0,0
28,0,0,0,0,0,0,0,0,0,0,0,0,0,0,0,0,0,0,0,0,0,0,0,0
28.5,0,0,0,0,0,0,0,0,0,0,0,0,0,0,0,0,0,0,0,0,0,0,0,0
29,0,0,0,0,0,0,0,0,0,0,0,0,0,0,0,0,0,0,0,0,0,0,0,0
29.5,0,0,0,0,0,0,0,0,0,0,0,0,0,0,0,0,0,0,0,0,0,0,0,0
30,4.253571429,4.531428571,4.808571429,5.069571429,5.339857143,5.653285714,5.958285714,6.288714286,6.668428571,7.097428571,7.528714286,8.021571429,8.574428571,9.114142857,9.689142858,10.36871428,11.01585714,11.68214286,12.39985714,13.149,13.85114286,14.56857143,15.299,15.94785714
30.5,4.58121532,4.966451346,5.383461698,5.792589234,6.241288199,6.774980124,7.315110559,7.904898137,8.574257143,9.318781781,10.04907205,10.85580083,11.71812381,12.52985962,13.31245383,14.16878219,14.92274907,15.6463002,16.35740414,17.03826377,17.6297234,18.18195445,18.68716232,19.08161284
31,4.943043478,5.436956522,5.977391304,6.524347826,7.111304348,7.819565217,8.513043478,9.256521739,10.08,10.95043478,11.77782609,12.66043478,13.57,14.42130435,15.17826087,15.96565217,16.62826087,17.2526087,17.84217391,18.39347826,18.85478261,19.27608696,19.53521739,19.61173913
31.5,5.323142858,5.908285714,6.559714286,7.215714286,7.911714286,8.743142858,9.543714286,10.378,11.28685714,12.20857143,13.07485714,13.97485714,14.88942858,15.73314286,16.47228572,17.17171428,17.752,18.28142858,18.77085714,19.22028572,19.46028572,19.63857143,19.73,19.73
32,5.633380281,6.283521127,7.016197183,7.748873239,8.521549296,9.434225352,10.29929578,11.18943662,12.14197183,13.08450705,13.96197183,14.85943662,15.76690141,16.59183098,17.3243662,17.95169014,18.46647888,18.92633803,19.34366197,19.67028169,19.73,19.73,19.73,19.73
32.5,5.804444668,6.482778672,7.249410463,8.016042253,8.822674044,9.769305835,10.64847284,11.56552113,12.52510463,13.47383099,14.34467606,15.23509256,16.13550905,16.9471992,17.68678269,18.27972233,18.75393562,19.18603018,19.56811268,19.72323944,19.73,19.73,19.73,19.73
33,5.907285714,6.614142857,7.397571429,8.181,9.004428572,9.967857143,10.86128572,11.788,12.75471429,13.698,14.568,15.45128572,16.34457143,17.15457143,17.90128572,18.47114286,18.92771429,19.33757143,19.684,19.73,19.73,19.73,19.73,19.73
33.5,5.996285715,6.720142857,7.521714286,8.319428572,9.157142857,10.131,11.03871428,11.96871428,12.93485714,13.87871428,14.74485715,15.62485715,16.51485715,17.31714286,18.071,18.62714286,19.06942857,19.45785715,19.73,19.73,19.73,19.73,19.73,19.73
34,6.08051509,6.812764588,7.634442656,8.445138833,9.297102616,10.27808451,11.19751308,12.13004829,13.09033401,14.03878069,14.8990664,15.7790664,16.66653119,17.45710262,18.21554929,18.76710262,19.19387123,19.56346076,19.73,19.73,19.73,19.73,19.73,19.73
34.5,6.156560563,6.902675211,7.736719859,8.556847183,9.420891831,10.40894916,11.33101916,12.2729938,13.2329938,14.17700648,15.03700648,15.91493648,16.79296183,17.58089183,18.33283451,18.89089183,19.29878986,19.64210253,19.73,19.73,19.73,19.73,19.73,19.73
35,6.230222535,6.990548451,7.834304366,8.666037324,9.539793239,10.5349562,11.4615262,12.40871211,13.36871211,14.31011916,15.17011916,16.04354916,16.91636324,17.69979324,18.44463028,19.00979324,19.40087437,19.69658141,19.73,19.73,19.73,19.73,19.73,19.73
35.5,6.302750704,7.074255775,7.928830845,8.770335915,9.651865915,10.65414099,11.58567099,12.53641606,13.49337099,14.43181606,15.29107099,16.16109592,17.02879592,17.80882085,18.54729085,19.12261099,19.49880592,19.72692,19.73,19.73,19.73,19.73,19.73,19.73
36,6.373947887,7.153072676,8.019767464,8.868892253,9.755922253,10.76531704,11.70234704,12.65471183,13.60504704,14.54011183,15.39774704,16.26565226,17.12835226,17.90625747,18.63922747,19.22828704,19.59186226,19.72892,19.73,19.73,19.73,19.73,19.73,19.73
36.5,6.443320805,7.229823743,8.104618108,8.961121046,9.852829618,10.86933255,11.81104112,12.76412692,13.70762398,14.64241835,15.49762398,16.36282962,17.22112105,17.99632668,18.72461811,19.32933255,19.66232676,19.73,19.73,19.73,19.73,19.73,19.73,19.73
37,6.510552193,7.304149698,8.182324346,9.045921851,9.941344708,10.96494221,11.91036507,12.86311686,13.79951936,14.73769401,15.58951936,16.45134471,17.30592186,18.07774721,18.80232434,19.42494221,19.70627042,19.73,19.73,19.73,19.73,19.73,19.73,19.73
37.5,6.57357,7.374317143,8.256617143,9.126937143,10.02538429,11.05383143,12.00142429,12.95570429,13.88538429,14.82308429,15.67308429,16.53265714,17.38463715,18.15191,18.87389,19.51800429,19.73,19.73,19.73,19.73,19.73,19.73,19.73,19.73
38,6.631641429,7.439602857,8.326902857,9.203508572,10.10417,11.13483143,12.08278143,13.04077572,13.96417,14.89687,15.74687,16.60551428,17.45620857,18.21755286,18.93824714,19.60807572,19.73,19.73,19.73,19.73,19.73,19.73,19.73,19.73
38.5,6.686,7.49973,8.391142857,9.271142857,10.17487286,11.20719,12.15487286,13.11346,14.03204715,14.96204715,15.81204715,16.66831714,17.51690428,18.27458714,18.99317429,19.66650572,19.73,19.73,19.73,19.73,19.73,19.73,19.73,19.73
39,6.736,7.553801429,8.448285714,9.328285714,10.23608715,11.26940429,12.21608715,13.17160286,14.08711857,15.01711857,15.86711857,16.71931714,17.56483286,18.32151571,19.03703143,19.68779143,19.73,19.73,19.73,19.73,19.73,19.73,19.73,19.73
39.5,6.781251176,7.601251176,8.498145882,9.378145882,10.28814589,11.32111588,12.26814589,13.21868059,14.13381529,15.06165059,15.91151529,16.76151529,17.6044853,18.35921529,19.07191471,19.67536764,19.73,19.73,19.73,19.73,19.73,19.73,19.73,19.73
40,6.820927647,7.640927647,8.539456807,9.419456807,10.32945681,11.36049824,12.30945681,13.25276882,14.17068084,15.09381025,15.94338084,16.79338084,17.63442227,18.38608084,19.09626344,19.62337185,19.73,19.73,19.73,19.73,19.73,19.73,19.73,19.73
40.5,6.852229412,7.671011765,8.569476471,9.448258824,10.35704118,11.38704118,12.33582353,13.27185294,14.19031765,15.11185294,15.96031765,16.81031765,17.65031765,18.40031765,19.09507058,19.56701765,19.73,19.73,19.73,19.73,19.73,19.73,19.73,19.73
41,6.8737,7.689835294,8.586241177,9.462376471,10.36851176,11.39851176,12.34464706,13.27332353,14.18972941,15.11332353,15.95972941,16.80972941,17.64972941,18.39972941,19.06389411,19.50554706,19.73,19.73,19.73,19.73,19.73,19.73,19.73,19.73
41.5,6.886376471,7.6977,8.589476471,9.4608,10.36442353,11.39212353,12.33574706,13.25937059,14.17344706,15.09937059,15.94344706,16.79344706,17.63574706,18.38574706,19.01093529,19.44191176,19.7208,19.73,19.73,19.73,19.73,19.73,19.73,19.73
42,6.888729412,7.6927,8.576829412,9.4408,10.34207059,11.36477059,12.30604118,13.22731177,14.13874118,15.06731177,15.90874118,16.75874118,17.60604118,18.35604118,18.93240588,19.37573529,19.7008,19.73,19.73,19.73,19.73,19.73,19.73,19.73
42.5,6.879701493,7.675135821,8.550570149,9.408304478,10.30487164,11.32143881,12.26030597,13.17457313,14.08457313,15.01457313,15.85687313,16.70800597,17.55800597,18.30350895,18.83967463,19.2965403,19.65227313,19.73,19.73,19.73,19.73,19.73,19.73,19.73
43,6.857313433,7.642822388,8.508331343,9.361140299,10.25024478,11.25934926,12.19575373,13.09755821,14.00755821,14.93755821,15.78485821,16.63845373,17.48845373,18.22418059,18.73027164,19.20206269,19.57025821,19.73,19.73,19.73,19.73,19.73,19.73,19.73
43.5,6.825622388,7.598837313,8.452052239,9.295267164,10.17457463,11.17618209,12.10778955,12.99939702,13.90939702,14.83939702,15.68939702,16.54548955,17.39778955,18.10743433,18.6042194,19.09330448,19.47629702,19.7139,19.73,19.73,19.73,19.73,19.73,19.73
44,6.783010448,7.541150746,8.379291045,9.207431343,10.07420149,11.06827164,11.99234179,12.87641194,13.78641194,14.71641194,15.56641194,16.42504179,17.28234179,17.94676269,18.45862239,18.96778209,19.36831194,19.6789,19.73,19.73,19.73,19.73,19.73,19.73
44.5,6.72018125,7.45810625,8.27603125,9.08625625,9.93676875,10.9182875,11.82980625,12.7062125,13.61491875,14.5462125,15.3985125,16.26210625,17.1156375,17.75031875,18.2811,18.810875,19.23165625,19.5924375,19.71835625,19.73,19.73,19.73,19.73,19.73
45,6.63361875,7.34529375,8.13696875,8.92594375,9.75583125,10.7189125,11.61199375,12.4805875,13.38648125,14.3205875,15.1778875,16.04929375,16.8887625,17.51188125,18.0661,18.617125,19.06134375,19.4455625,19.69304375,19.73,19.73,19.73,19.73,19.73
45.5,6.528057684,7.208524488,7.968689652,8.731154816,9.534884119,10.47428217,11.34598023,12.2041457,13.10660953,14.04063914,14.90094078,15.77926875,16.59951414,17.22751445,17.80781475,18.38504795,18.85534826,19.2659502,19.60286465,19.72215738,19.73,19.73,19.73,19.73
46,6.400193955,7.04363207,7.766112807,8.495893545,9.26696916,10.17652602,11.02338289,11.86804939,12.7663585,13.69691988,14.55787725,15.44208125,16.23704488,16.88923064,17.49871639,18.10797828,18.60746404,19.04790717,19.43653781,19.7051082,19.73,19.73,19.73,19.73
46.5,6.242880328,6.84392623,7.519890164,8.207626229,8.938672131,9.809718029,10.62253607,11.44705574,12.33180984,13.25495574,14.11649344,14.99455738,15.78318361,16.46351148,17.10383935,17.75102132,18.28489344,18.76030327,19.19748524,19.57128689,19.68038033,19.73,19.73,19.73
47,6.050995082,6.603352459,7.222431148,7.857134426,8.539491803,9.361849179,10.12983115,10.9264,11.78656394,12.69766066,13.55969016,14.4175082,15.22203606,15.93515082,16.60826558,17.30028361,17.87464754,18.39104098,18.87305901,19.30038525,19.57251148,19.73,19.73,19.73
47.5,5.840485591,6.335740293,6.889372735,7.46014849,8.082134771,8.838431579,9.549740121,10.30388145,11.12557783,12.00889646,12.85613736,13.69587058,14.51516894,15.25717904,15.96487861,16.70231217,17.32204573,17.88693598,18.42223796,18.90875047,19.30047144,19.57190526,19.66681053,19.70821053
48,5.608112856,6.036387403,6.514523727,7.008582485,7.556483348,8.226326316,8.867065402,9.561784814,10.32872278,11.16579897,11.98031337,12.8044987,13.63723969,14.40357679,15.14797179,15.93150112,16.60233046,17.22453736,17.82304038,18.3753855,18.83570871,19.22822105,19.52944211,19.66084211
48.5,5.371711501,5.729258479,6.129665497,6.54122885,7.001648538,7.569731969,8.12141384,8.730795712,9.417232359,10.17842378,10.92965146,11.71327232,12.53112417,13.30185965,14.06552768,14.88743041,15.60401832,16.28353879,16.94904288,17.5772885,18.11572515,18.61635595,19.07583041,19.33547856
49,5.130580896,5.413001169,5.73305731,6.05534191,6.41255497,6.860911306,7.301832943,7.795454581,8.37116998,9.021679143,9.673745029,10.38743411,11.15713782,11.9088772,12.67136589,13.52257661,14.2786577,15.01548811,15.75245419,16.4684191,17.09613451,17.68966979,18.25097661,18.6837729
49.5,4.918865185,5.134025111,5.377970445,5.614997482,5.875106222,6.202160074,6.525239629,6.892431185,7.331186148,7.835782518,8.350323778,8.93730274,9.590960596,10.25114134,10.93818526,11.73584578,12.46283548,13.19621037,13.95333015,14.71516082,15.40504178,16.08092163,16.74222978,17.32103592
50,4.74168,4.898814,5.071626,5.228116,5.398284,5.602186,5.79911,6.027346,6.298338,6.615664,6.947646,7.341262,7.799168001,8.282608001,8.807026,9.453868001,10.071254,10.72984,11.446882,12.205446,12.925664,13.671492,14.430652,15.12361
50.5,3.57742,3.674286,3.777774,3.864784,3.958416,4.064214,4.16339,4.281354,4.420262,4.586736,4.766454,4.989138,5.260332,5.559092,5.895274,6.330632,6.760446,7.23646,7.771918,8.354654,8.921836,9.525208,10.150448,10.73149
51,1.25442,1.288386,1.324674,1.355184,1.388016,1.425114,1.45989,1.501254,1.549962,1.608336,1.671354,1.749438,1.844532,1.949292,2.067174,2.219832,2.370546,2.53746,2.725218,2.929554,3.128436,3.340008,3.559248,3.76299
51.5,0,0,0,0,0,0,0,0,0,0,0,0,0,0,0,0,0,0,0,0,0,0,0,0
52,0,0,0,0,0,0,0,0,0,0,0,0,0,0,0,0,0,0,0,0,0,0,0,0
52.5,0,0,0,0,0,0,0,0,0,0,0,0,0,0,0,0,0,0,0,0,0,0,0,0
53,0,0,0,0,0,0,0,0,0,0,0,0,0,0,0,0,0,0,0,0,0,0,0,0
53.5,0,0,0,0,0,0,0,0,0,0,0,0,0,0,0,0,0,0,0,0,0,0,0,0
54,0,0,0,0,0,0,0,0,0,0,0,0,0,0,0,0,0,0,0,0,0,0,0,0
54.5,0,0,0,0,0,0,0,0,0,0,0,0,0,0,0,0,0,0,0,0,0,0,0,0
55,0,0,0,0,0,0,0,0,0,0,0,0,0,0,0,0,0,0,0,0,0,0,0,0
55.5,0,0,0,0,0,0,0,0,0,0,0,0,0,0,0,0,0,0,0,0,0,0,0,0
56,0,0,0,0,0,0,0,0,0,0,0,0,0,0,0,0,0,0,0,0,0,0,0,0
56.5,0,0,0,0,0,0,0,0,0,0,0,0,0,0,0,0,0,0,0,0,0,0,0,0
57,0,0,0,0,0,0,0,0,0,0,0,0,0,0,0,0,0,0,0,0,0,0,0,0
57.5,0,0,0,0,0,0,0,0,0,0,0,0,0,0,0,0,0,0,0,0,0,0,0,0
58,0,0,0,0,0,0,0,0,0,0,0,0,0,0,0,0,0,0,0,0,0,0,0,0
58.5,0,0,0,0,0,0,0,0,0,0,0,0,0,0,0,0,0,0,0,0,0,0,0,0
59,0,0,0,0,0,0,0,0,0,0,0,0,0,0,0,0,0,0,0,0,0,0,0,0
59.5,0,0,0,0,0,0,0,0,0,0,0,0,0,0,0,0,0,0,0,0,0,0,0,0
60,0,0,0,0,0,0,0,0,0,0,0,0,0,0,0,0,0,0,0,0,0,0,0,0
60.5,0,0,0,0,0,0,0,0,0,0,0,0,0,0,0,0,0,0,0,0,0,0,0,0
61,0,0,0,0,0,0,0,0,0,0,0,0,0,0,0,0,0,0,0,0,0,0,0,0
61.5,0,0,0,0,0,0,0,0,0,0,0,0,0,0,0,0,0,0,0,0,0,0,0,0
62,0,0,0,0,0,0,0,0,0,0,0,0,0,0,0,0,0,0,0,0,0,0,0,0
62.5,0,0,0,0,0,0,0,0,0,0,0,0,0,0,0,0,0,0,0,0,0,0,0,0
63,0,0,0,0,0,0,0,0,0,0,0,0,0,0,0,0,0,0,0,0,0,0,0,0
63.5,0,0,0,0,0,0,0,0,0,0,0,0,0,0,0,0,0,0,0,0,0,0,0,0
64,0,0,0,0,0,0,0,0,0,0,0,0,0,0,0,0,0,0,0,0,0,0,0,0
64.5,0,0,0,0,0,0,0,0,0,0,0,0,0,0,0,0,0,0,0,0,0,0,0,0
65,0,0,0,0,0,0,0,0,0,0,0,0,0,0,0,0,0,0,0,0,0,0,0,0
65.5,0,0,0,0,0,0,0,0,0,0,0,0,0,0,0,0,0,0,0,0,0,0,0,0
66,0,0,0,0,0,0,0,0,0,0,0,0,0,0,0,0,0,0,0,0,0,0,0,0
66.5,0,0,0,0,0,0,0,0,0,0,0,0,0,0,0,0,0,0,0,0,0,0,0,0
67,0,0,0,0,0,0,0,0,0,0,0,0,0,0,0,0,0,0,0,0,0,0,0,0
67.5,0,0,0,0,0,0,0,0,0,0,0,0,0,0,0,0,0,0,0,0,0,0,0,0
68,0,0,0,0,0,0,0,0,0,0,0,0,0,0,0,0,0,0,0,0,0,0,0,0
68.5,0,0,0,0,0,0,0,0,0,0,0,0,0,0,0,0,0,0,0,0,0,0,0,0
69,0,0,0,0,0,0,0,0,0,0,0,0,0,0,0,0,0,0,0,0,0,0,0,0
69.5,0,0,0,0,0,0,0,0,0,0,0,0,0,0,0,0,0,0,0,0,0,0,0,0
70,0,0,0,0,0,0,0,0,0,0,0,0,0,0,0,0,0,0,0,0,0,0,0,0
70.5,0,0,0,0,0,0,0,0,0,0,0,0,0,0,0,0,0,0,0,0,0,0,0,0
71,0,0,0,0,0,0,0,0,0,0,0,0,0,0,0,0,0,0,0,0,0,0,0,0
71.5,0,0,0,0,0,0,0,0,0,0,0,0,0,0,0,0,0,0,0,0,0,0,0,0
72,0,0,0,0,0,0,0,0,0,0,0,0,0,0,0,0,0,0,0,0,0,0,0,0
72.5,0,0,0,0,0,0,0,0,0,0,0,0,0,0,0,0,0,0,0,0,0,0,0,0
73,0,0,0,0,0,0,0,0,0,0,0,0,0,0,0,0,0,0,0,0,0,0,0,0
73.5,0,0,0,0,0,0,0,0,0,0,0,0,0,0,0,0,0,0,0,0,0,0,0,0
74,0,0,0,0,0,0,0,0,0,0,0,0,0,0,0,0,0,0,0,0,0,0,0,0
74.5,0,0,0,0,0,0,0,0,0,0,0,0,0,0,0,0,0,0,0,0,0,0,0,0
75,0,0,0,0,0,0,0,0,0,0,0,0,0,0,0,0,0,0,0,0,0,0,0,0
75.5,0,0,0,0,0,0,0,0,0,0,0,0,0,0,0,0,0,0,0,0,0,0,0,0
76,0,0,0,0,0,0,0,0,0,0,0,0,0,0,0,0,0,0,0,0,0,0,0,0
76.5,0,0,0,0,0,0,0,0,0,0,0,0,0,0,0,0,0,0,0,0,0,0,0,0
77,0,0,0,0,0,0,0,0,0,0,0,0,0,0,0,0,0,0,0,0,0,0,0,0
77.5,0,0,0,0,0,0,0,0,0,0,0,0,0,0,0,0,0,0,0,0,0,0,0,0
78,0,0,0,0,0,0,0,0,0,0,0,0,0,0,0,0,0,0,0,0,0,0,0,0
78.5,0,0,0,0,0,0,0,0,0,0,0,0,0,0,0,0,0,0,0,0,0,0,0,0
79,0,0,0,0,0,0,0,0,0,0,0,0,0,0,0,0,0,0,0,0,0,0,0,0
79.5,0,0,0,0,0,0,0,0,0,0,0,0,0,0,0,0,0,0,0,0,0,0,0,0
80,0,0,0,0,0,0,0,0,0,0,0,0,0,0,0,0,0,0,0,0,0,0,0,0
80.5,0,0,0,0,0,0,0,0,0,0,0,0,0,0,0,0,0,0,0,0,0,0,0,0
81,0,0,0,0,0,0,0,0,0,0,0,0,0,0,0,0,0,0,0,0,0,0,0,0
81.5,0,0,0,0,0,0,0,0,0,0,0,0,0,0,0,0,0,0,0,0,0,0,0,0
82,0,0,0,0,0,0,0,0,0,0,0,0,0,0,0,0,0,0,0,0,0,0,0,0
82.5,0,0,0,0,0,0,0,0,0,0,0,0,0,0,0,0,0,0,0,0,0,0,0,0
83,0,0,0,0,0,0,0,0,0,0,0,0,0,0,0,0,0,0,0,0,0,0,0,0
83.5,0,0,0,0,0,0,0,0,0,0,0,0,0,0,0,0,0,0,0,0,0,0,0,0
84,0,0,0,0,0,0,0,0,0,0,0,0,0,0,0,0,0,0,0,0,0,0,0,0
84.5,0,0,0,0,0,0,0,0,0,0,0,0,0,0,0,0,0,0,0,0,0,0,0,0
85,0,0,0,0,0,0,0,0,0,0,0,0,0,0,0,0,0,0,0,0,0,0,0,0
85.5,0,0,0,0,0,0,0,0,0,0,0,0,0,0,0,0,0,0,0,0,0,0,0,0
86,0,0,0,0,0,0,0,0,0,0,0,0,0,0,0,0,0,0,0,0,0,0,0,0
86.5,0,0,0,0,0,0,0,0,0,0,0,0,0,0,0,0,0,0,0,0,0,0,0,0
87,0,0,0,0,0,0,0,0,0,0,0,0,0,0,0,0,0,0,0,0,0,0,0,0
87.5,0,0,0,0,0,0,0,0,0,0,0,0,0,0,0,0,0,0,0,0,0,0,0,0
88,0,0,0,0,0,0,0,0,0,0,0,0,0,0,0,0,0,0,0,0,0,0,0,0
88.5,0,0,0,0,0,0,0,0,0,0,0,0,0,0,0,0,0,0,0,0,0,0,0,0
89,0,0,0,0,0,0,0,0,0,0,0,0,0,0,0,0,0,0,0,0,0,0,0,0
89.5,0,0,0,0,0,0,0,0,0,0,0,0,0,0,0,0,0,0,0,0,0,0,0,0
90,0,0,0,0,0,0,0,0,0,0,0,0,0,0,0,0,0,0,0,0,0,0,0,0
90.5,0,0,0,0,0,0,0,0,0,0,0,0,0,0,0,0,0,0,0,0,0,0,0,0
91,0,0,0,0,0,0,0,0,0,0,0,0,0,0,0,0,0,0,0,0,0,0,0,0
91.5,0,0,0,0,0,0,0,0,0,0,0,0,0,0,0,0,0,0,0,0,0,0,0,0
92,0,0,0,0,0,0,0,0,0,0,0,0,0,0,0,0,0,0,0,0,0,0,0,0
92.5,0,0,0,0,0,0,0,0,0,0,0,0,0,0,0,0,0,0,0,0,0,0,0,0
93,0,0,0,0,0,0,0,0,0,0,0,0,0,0,0,0,0,0,0,0,0,0,0,0
93.5,0,0,0,0,0,0,0,0,0,0,0,0,0,0,0,0,0,0,0,0,0,0,0,0
94,0,0,0,0,0,0,0,0,0,0,0,0,0,0,0,0,0,0,0,0,0,0,0,0
94.5,0,0,0,0,0,0,0,0,0,0,0,0,0,0,0,0,0,0,0,0,0,0,0,0
95,0,0,0,0,0,0,0,0,0,0,0,0,0,0,0,0,0,0,0,0,0,0,0,0
95.5,0,0,0,0,0,0,0,0,0,0,0,0,0,0,0,0,0,0,0,0,0,0,0,0
96,0,0,0,0,0,0,0,0,0,0,0,0,0,0,0,0,0,0,0,0,0,0,0,0
96.5,0,0,0,0,0,0,0,0,0,0,0,0,0,0,0,0,0,0,0,0,0,0,0,0
97,0,0,0,0,0,0,0,0,0,0,0,0,0,0,0,0,0,0,0,0,0,0,0,0
97.5,0,0,0,0,0,0,0,0,0,0,0,0,0,0,0,0,0,0,0,0,0,0,0,0
98,0,0,0,0,0,0,0,0,0,0,0,0,0,0,0,0,0,0,0,0,0,0,0,0
98.5,0,0,0,0,0,0,0,0,0,0,0,0,0,0,0,0,0,0,0,0,0,0,0,0
99,0,0,0,0,0,0,0,0,0,0,0,0,0,0,0,0,0,0,0,0,0,0,0,0
99.5,0,0,0,0,0,0,0,0,0,0,0,0,0,0,0,0,0,0,0,0,0,0,0,0
100,0,0,0,0,0,0,0,0,0,0,0,0,0,0,0,0,0,0,0,0,0,0,0,0
100.5,0,0,0,0,0,0,0,0,0,0,0,0,0,0,0,0,0,0,0,0,0,0,0,0
101,0,0,0,0,0,0,0,0,0,0,0,0,0,0,0,0,0,0,0,0,0,0,0,0
101.5,0,0,0,0,0,0,0,0,0,0,0,0,0,0,0,0,0,0,0,0,0,0,0,0
102,0,0,0,0,0,0,0,0,0,0,0,0,0,0,0,0,0,0,0,0,0,0,0,0
102.5,0,0,0,0,0,0,0,0,0,0,0,0,0,0,0,0,0,0,0,0,0,0,0,0
103,0,0,0,0,0,0,0,0,0,0,0,0,0,0,0,0,0,0,0,0,0,0,0,0
103.5,0,0,0,0,0,0,0,0,0,0,0,0,0,0,0,0,0,0,0,0,0,0,0,0
104,0,0,0,0,0,0,0,0,0,0,0,0,0,0,0,0,0,0,0,0,0,0,0,0
104.5,0,0,0,0,0,0,0,0,0,0,0,0,0,0,0,0,0,0,0,0,0,0,0,0
105,0,0,0,0,0,0,0,0,0,0,0,0,0,0,0,0,0,0,0,0,0,0,0,0
105.5,0,0,0,0,0,0,0,0,0,0,0,0,0,0,0,0,0,0,0,0,0,0,0,0
106,0,0,0,0,0,0,0,0,0,0,0,0,0,0,0,0,0,0,0,0,0,0,0,0
106.5,0,0,0,0,0,0,0,0,0,0,0,0,0,0,0,0,0,0,0,0,0,0,0,0
107,0,0,0,0,0,0,0,0,0,0,0,0,0,0,0,0,0,0,0,0,0,0,0,0
107.5,0,0,0,0,0,0,0,0,0,0,0,0,0,0,0,0,0,0,0,0,0,0,0,0
108,0,0,0,0,0,0,0,0,0,0,0,0,0,0,0,0,0,0,0,0,0,0,0,0
108.5,0,0,0,0,0,0,0,0,0,0,0,0,0,0,0,0,0,0,0,0,0,0,0,0
109,0,0,0,0,0,0,0,0,0,0,0,0,0,0,0,0,0,0,0,0,0,0,0,0
109.5,0,0,0,0,0,0,0,0,0,0,0,0,0,0,0,0,0,0,0,0,0,0,0,0
110,0,0,0,0,0,0,0,0,0,0,0,0,0,0,0,0,0,0,0,0,0,0,0,0
110.5,0,0,0,0,0,0,0,0,0,0,0,0,0,0,0,0,0,0,0,0,0,0,0,0
111,0,0,0,0,0,0,0,0,0,0,0,0,0,0,0,0,0,0,0,0,0,0,0,0
111.5,0,0,0,0,0,0,0,0,0,0,0,0,0,0,0,0,0,0,0,0,0,0,0,0
112,0,0,0,0,0,0,0,0,0,0,0,0,0,0,0,0,0,0,0,0,0,0,0,0
112.5,0,0,0,0,0,0,0,0,0,0,0,0,0,0,0,0,0,0,0,0,0,0,0,0
113,0,0,0,0,0,0,0,0,0,0,0,0,0,0,0,0,0,0,0,0,0,0,0,0
113.5,0,0,0,0,0,0,0,0,0,0,0,0,0,0,0,0,0,0,0,0,0,0,0,0
114,0,0,0,0,0,0,0,0,0,0,0,0,0,0,0,0,0,0,0,0,0,0,0,0
114.5,0,0,0,0,0,0,0,0,0,0,0,0,0,0,0,0,0,0,0,0,0,0,0,0
115,0,0,0,0,0,0,0,0,0,0,0,0,0,0,0,0,0,0,0,0,0,0,0,0
115.5,0,0,0,0,0,0,0,0,0,0,0,0,0,0,0,0,0,0,0,0,0,0,0,0
116,0,0,0,0,0,0,0,0,0,0,0,0,0,0,0,0,0,0,0,0,0,0,0,0
116.5,0,0,0,0,0,0,0,0,0,0,0,0,0,0,0,0,0,0,0,0,0,0,0,0
117,0,0,0,0,0,0,0,0,0,0,0,0,0,0,0,0,0,0,0,0,0,0,0,0
117.5,0,0,0,0,0,0,0,0,0,0,0,0,0,0,0,0,0,0,0,0,0,0,0,0
118,0,0,0,0,0,0,0,0,0,0,0,0,0,0,0,0,0,0,0,0,0,0,0,0
118.5,0,0,0,0,0,0,0,0,0,0,0,0,0,0,0,0,0,0,0,0,0,0,0,0
119,0,0,0,0,0,0,0,0,0,0,0,0,0,0,0,0,0,0,0,0,0,0,0,0
119.5,0,0,0,0,0,0,0,0,0,0,0,0,0,0,0,0,0,0,0,0,0,0,0,0
120,0,0,0,0,0,0,0,0,0,0,0,0,0,0,0,0,0,0,0,0,0,0,0,0
120.5,0,0,0,0,0,0,0,0,0,0,0,0,0,0,0,0,0,0,0,0,0,0,0,0
121,0,0,0,0,0,0,0,0,0,0,0,0,0,0,0,0,0,0,0,0,0,0,0,0
121.5,0,0,0,0,0,0,0,0,0,0,0,0,0,0,0,0,0,0,0,0,0,0,0,0
122,0,0,0,0,0,0,0,0,0,0,0,0,0,0,0,0,0,0,0,0,0,0,0,0
122.5,0,0,0,0,0,0,0,0,0,0,0,0,0,0,0,0,0,0,0,0,0,0,0,0
123,0,0,0,0,0,0,0,0,0,0,0,0,0,0,0,0,0,0,0,0,0,0,0,0
123.5,0,0,0,0,0,0,0,0,0,0,0,0,0,0,0,0,0,0,0,0,0,0,0,0
124,0,0,0,0,0,0,0,0,0,0,0,0,0,0,0,0,0,0,0,0,0,0,0,0
124.5,0,0,0,0,0,0,0,0,0,0,0,0,0,0,0,0,0,0,0,0,0,0,0,0
125,0,0,0,0,0,0,0,0,0,0,0,0,0,0,0,0,0,0,0,0,0,0,0,0
125.5,0,0,0,0,0,0,0,0,0,0,0,0,0,0,0,0,0,0,0,0,0,0,0,0
126,0,0,0,0,0,0,0,0,0,0,0,0,0,0,0,0,0,0,0,0,0,0,0,0
126.5,0,0,0,0,0,0,0,0,0,0,0,0,0,0,0,0,0,0,0,0,0,0,0,0
127,0,0,0,0,0,0,0,0,0,0,0,0,0,0,0,0,0,0,0,0,0,0,0,0
127.5,0,0,0,0,0,0,0,0,0,0,0,0,0,0,0,0,0,0,0,0,0,0,0,0
128,0,0,0,0,0,0,0,0,0,0,0,0,0,0,0,0,0,0,0,0,0,0,0,0
128.5,0,0,0,0,0,0,0,0,0,0,0,0,0,0,0,0,0,0,0,0,0,0,0,0
129,0,0,0,0,0,0,0,0,0,0,0,0,0,0,0,0,0,0,0,0,0,0,0,0
129.5,0,0,0,0,0,0,0,0,0,0,0,0,0,0,0,0,0,0,0,0,0,0,0,0