t_source [s],X [m],Y [m],Z [m],V [m/s],M_0 [-],F_n [N],TS [-],c_0 [m/s],T_0 [K],p_0 [Pa],rho_0 [kg/m3],mu_0 [kg/ms],I_0 [kg/m2s],alpha [deg],gamma [deg],Airframe LG [-],Airframe delta_f [deg],Airframe delta_s [deg]
0.0,-5815.8888,0.0,304.79781656511136,89.21325186189539,0.2577215777690941,33995.573936730376,0.47496016085156045,346.16136,296.2191226,97834.26355,1.150789769,1.83e-05,397.0,16.041704779257902,-3.0,1.0,20.0,20.0
0.5,-5771.343305899606,0.0,302.46328614224393,89.21325186189539,0.2577215777690941,33995.573936730376,0.47496016085156045,346.16136,296.2191226,97834.26355,1.150789769,1.83e-05,397.0,16.041704779257902,-3.0,1.0,20.0,20.0
1.0,-5726.7978117992125,0.0,300.1287557193765,89.21325186189539,0.2577215777690941,33995.573936730376,0.47496016085156045,346.16136,296.2191226,97834.26355,1.150789769,1.83e-05,397.0,16.041704779257902,-3.0,1.0,20.0,20.0
1.5,-5682.252317698819,0.0,297.794225296509,89.21325186189539,0.2577215777690941,33995.573936730376,0.47496016085156045,346.16136,296.2191226,97834.26355,1.150789769,1.83e-05,397.0,16.041704779257902,-3.0,1.0,20.0,20.0
2.0,-5637.706823598425,0.0,295.4596948736416,89.21325186189539,0.2577215777690941,33995.573936730376,0.47496016085156045,346.16136,296.2191226,97834.26355,1.150789769,1.83e-05,397.0,16.041704779257902,-3.0,1.0,20.0,20.0
2.5,-5593.161329498032,0.0,293.12516445077415,89.21325186189539,0.2577215777690941,33995.573936730376,0.47496016085156045,346.16136,296.2191226,97834.26355,1.150789769,1.83e-05,397.0,16.041704779257902,-3.0,1.0,20.0,20.0
3.0,-5548.615835397638,0.0,290.7906340279067,89.21325186189539,0.2577215777690941,33995.573936730376,0.47496016085156045,346.16136,296.2191226,97834.26355,1.150789769,1.83e-05,397.0,16.041704779257902,-3.0,1.0,20.0,20.0
3.5,-5504.070341297244,0.0,288.4561036050393,89.21325186189539,0.2577215777690941,33995.573936730376,0.47496016085156045,346.16136,296.2191226,97834.26355,1.150789769,1.83e-05,397.0,16.041704779257902,-3.0,1.0,20.0,20.0
4.0,-5459.524847196851,0.0,286.1215731821718,89.21325186189539,0.2577215777690941,33995.573936730376,0.47496016085156045,346.16136,296.2191226,97834.26355,1.150789769,1.83e-05,397.0,16.041704779257902,-3.0,1.0,20.0,20.0
4.5,-5414.979353096457,0.0,283.78704275930437,89.21325186189539,0.2577215777690941,33995.573936730376,0.47496016085156045,346.16136,296.2191226,97834.26355,1.150789769,1.83e-05,397.0,16.041704779257902,-3.0,1.0,20.0,20.0
5.0,-5370.4338589960635,0.0,281.45251233643694,89.21325186189539,0.2577215777690941,33995.573936730376,0.47496016085156045,346.16136,296.2191226,97834.26355,1.150789769,1.83e-05,397.0,16.041704779257902,-3.0,1.0,20.0,20.0
5.5,-5325.88836489567,0.0,279.1179819135695,89.21325186189539,0.2577215777690941,33995.573936730376,0.47496016085156045,346.16136,296.2191226,97834.26355,1.150789769,1.83e-05,397.0,16.041704779257902,-3.0,1.0,20.0,20.0
6.0,-5281.342870795276,0.0,276.7834514907021,89.21325186189539,0.2577215777690941,33995.573936730376,0.47496016085156045,346.16136,296.2191226,97834.26355,1.150789769,1.83e-05,397.0,16.041704779257902,-3.0,1.0,20.0,20.0
6.5,-5236.797376694883,0.0,274.4489210678346,89.21325186189539,0.2577215777690941,33995.573936730376,0.47496016085156045,346.16136,296.2191226,97834.26355,1.150789769,1.83e-05,397.0,16.041704779257902,-3.0,1.0,20.0,20.0
7.0,-5192.251882594489,0.0,272.11439064496716,89.21325186189539,0.2577215777690941,33995.573936730376,0.47496016085156045,346.16136,296.2191226,97834.26355,1.150789769,1.83e-05,397.0,16.041704779257902,-3.0,1.0,20.0,20.0
7.5,-5147.706388494095,0.0,269.7798602220997,89.21325186189539,0.2577215777690941,33995.573936730376,0.47496016085156045,346.16136,296.2191226,97834.26355,1.150789769,1.83e-05,397.0,16.041704779257902,-3.0,1.0,20.0,20.0
8.0,-5103.160894393702,0.0,267.4453297992323,89.21325186189539,0.2577215777690941,33995.573936730376,0.47496016085156045,346.16136,296.2191226,97834.26355,1.150789769,1.83e-05,397.0,16.041704779257902,-3.0,1.0,20.0,20.0
8.5,-5058.615400293309,0.0,265.11079937636487,89.21325186189539,0.2577215777690941,33995.573936730376,0.47496016085156045,346.16136,296.2191226,97834.26355,1.150789769,1.83e-05,397.0,16.041704779257902,-3.0,1.0,20.0,20.0
9.0,-5014.0699061929145,0.0,262.7762689534974,89.21325186189539,0.2577215777690941,33995.573936730376,0.47496016085156045,346.16136,296.2191226,97834.26355,1.150789769,1.83e-05,397.0,16.041704779257902,-3.0,1.0,20.0,20.0
9.5,-4969.524412092522,0.0,260.44173853062995,89.21325186189539,0.2577215777690941,33995.573936730376,0.47496016085156045,346.16136,296.2191226,97834.26355,1.150789769,1.83e-05,397.0,16.041704779257902,-3.0,1.0,20.0,20.0
10.0,-4924.978917992128,0.0,258.1072081077625,89.21325186189539,0.2577215777690941,33995.573936730376,0.47496016085156045,346.16136,296.2191226,97834.26355,1.150789769,1.83e-05,397.0,16.041704779257902,-3.0,1.0,20.0,20.0
10.5,-4880.4334238917345,0.0,255.7726776848951,89.21325186189539,0.2577215777690941,33995.573936730376,0.47496016085156045,346.16136,296.2191226,97834.26355,1.150789769,1.83e-05,397.0,16.041704779257902,-3.0,1.0,20.0,20.0
11.0,-4835.887929791341,0.0,253.43814726202763,89.21325186189539,0.2577215777690941,33995.573936730376,0.47496016085156045,346.16136,296.2191226,97834.26355,1.150789769,1.83e-05,397.0,16.041704779257902,-3.0,1.0,20.0,20.0
11.5,-4791.342435690947,0.0,251.1036168391602,89.21325186189539,0.2577215777690941,33995.573936730376,0.47496016085156045,346.16136,296.2191226,97834.26355,1.150789769,1.83e-05,397.0,16.041704779257902,-3.0,1.0,20.0,20.0
12.0,-4746.796941590554,0.0,248.76908641629277,89.21325186189539,0.2577215777690941,33995.573936730376,0.47496016085156045,346.16136,296.2191226,97834.26355,1.150789769,1.83e-05,397.0,16.041704779257902,-3.0,1.0,20.0,20.0
12.5,-4702.25144749016,0.0,246.4345559934253,89.21325186189539,0.2577215777690941,33995.573936730376,0.47496016085156045,346.16136,296.2191226,97834.26355,1.150789769,1.83e-05,397.0,16.041704779257902,-3.0,1.0,20.0,20.0
13.0,-4657.705953389766,0.0,244.10002557055788,89.21325186189539,0.2577215777690941,33995.573936730376,0.47496016085156045,346.16136,296.2191226,97834.26355,1.150789769,1.83e-05,397.0,16.041704779257902,-3.0,1.0,20.0,20.0
13.5,-4613.160459289373,0.0,241.76549514769044,89.21325186189539,0.2577215777690941,33995.573936730376,0.47496016085156045,346.16136,296.2191226,97834.26355,1.150789769,1.83e-05,397.0,16.041704779257902,-3.0,1.0,20.0,20.0
14.0,-4568.614965188979,0.0,239.43096472482299,89.21325186189539,0.2577215777690941,33995.573936730376,0.47496016085156045,346.16136,296.2191226,97834.26355,1.150789769,1.83e-05,397.0,16.041704779257902,-3.0,1.0,20.0,20.0
14.5,-4524.0694710885855,0.0,237.09643430195553,89.21325186189539,0.2577215777690941,33995.573936730376,0.47496016085156045,346.16136,296.2191226,97834.26355,1.150789769,1.83e-05,397.0,16.041704779257902,-3.0,1.0,20.0,20.0
15.0,-4479.523976988192,0.0,234.7619038790881,89.21325186189539,0.2577215777690941,33995.573936730376,0.47496016085156045,346.16136,296.2191226,97834.26355,1.150789769,1.83e-05,397.0,16.041704779257902,-3.0,1.0,20.0,20.0
15.5,-4434.978482887798,0.0,232.42737345622066,89.21325186189539,0.2577215777690941,33995.573936730376,0.47496016085156045,346.16136,296.2191226,97834.26355,1.150789769,1.83e-05,397.0,16.041704779257902,-3.0,1.0,20.0,20.0
16.0,-4390.432988787405,0.0,230.09284303335323,89.21325186189539,0.2577215777690941,33995.573936730376,0.47496016085156045,346.16136,296.2191226,97834.26355,1.150789769,1.83e-05,397.0,16.041704779257902,-3.0,1.0,20.0,20.0
16.5,-4345.887494687011,0.0,227.75831261048577,89.21325186189539,0.2577215777690941,33995.573936730376,0.47496016085156045,346.16136,296.2191226,97834.26355,1.150789769,1.83e-05,397.0,16.041704779257902,-3.0,1.0,20.0,20.0
17.0,-4301.342000586617,0.0,225.42378218761834,89.21325186189539,0.2577215777690941,33995.573936730376,0.47496016085156045,346.16136,296.2191226,97834.26355,1.150789769,1.83e-05,397.0,16.041704779257902,-3.0,1.0,20.0,20.0
17.5,-4256.796506486224,0.0,223.08925176475088,89.21325186189539,0.2577215777690941,33995.573936730376,0.47496016085156045,346.16136,296.2191226,97834.26355,1.150789769,1.83e-05,397.0,16.041704779257902,-3.0,1.0,20.0,20.0
18.0,-4212.25101238583,0.0,220.75472134188345,89.21325186189539,0.2577215777690941,33995.573936730376,0.47496016085156045,346.16136,296.2191226,97834.26355,1.150789769,1.83e-05,397.0,16.041704779257902,-3.0,1.0,20.0,20.0
18.5,-4167.7055182854365,0.0,218.42019091901602,89.21325186189539,0.2577215777690941,33995.573936730376,0.47496016085156045,346.16136,296.2191226,97834.26355,1.150789769,1.83e-05,397.0,16.041704779257902,-3.0,1.0,20.0,20.0
19.0,-4123.160024185043,0.0,216.0856604961486,89.21325186189539,0.2577215777690941,33995.573936730376,0.47496016085156045,346.16136,296.2191226,97834.26355,1.150789769,1.83e-05,397.0,16.041704779257902,-3.0,1.0,20.0,20.0
19.5,-4078.6145300846492,0.0,213.75113007328113,89.21325186189539,0.2577215777690941,33995.573936730376,0.47496016085156045,346.16136,296.2191226,97834.26355,1.150789769,1.83e-05,397.0,16.041704779257902,-3.0,1.0,20.0,20.0
20.0,-4034.0690359842556,0.0,211.41659965041367,89.21325186189539,0.2577215777690941,33995.573936730376,0.47496016085156045,346.16136,296.2191226,97834.26355,1.150789769,1.83e-05,397.0,16.041704779257902,-3.0,1.0,20.0,20.0
20.5,-3989.523541883862,0.0,209.08206922754624,89.21325186189539,0.2577215777690941,33995.573936730376,0.47496016085156045,346.16136,296.2191226,97834.26355,1.150789769,1.83e-05,397.0,16.041704779257902,-3.0,1.0,20.0,20.0
21.0,-3944.9780477834684,0.0,206.7475388046788,89.21325186189539,0.2577215777690941,33995.573936730376,0.47496016085156045,346.16136,296.2191226,97834.26355,1.150789769,1.83e-05,397.0,16.041704779257902,-3.0,1.0,20.0,20.0
21.5,-3900.4325536830747,0.0,204.41300838181135,89.21325186189539,0.2577215777690941,33995.573936730376,0.47496016085156045,346.16136,296.2191226,97834.26355,1.150789769,1.83e-05,397.0,16.041704779257902,-3.0,1.0,20.0,20.0
22.0,-3855.887059582681,0.0,202.0784779589439,89.21325186189539,0.2577215777690941,33995.573936730376,0.47496016085156045,346.16136,296.2191226,97834.26355,1.150789769,1.83e-05,397.0,16.041704779257902,-3.0,1.0,20.0,20.0
22.5,-3811.3415654822875,0.0,199.74394753607646,89.21325186189539,0.2577215777690941,33995.573936730376,0.47496016085156045,346.16136,296.2191226,97834.26355,1.150789769,1.83e-05,397.0,16.041704779257902,-3.0,1.0,20.0,20.0
23.0,-3766.796071381894,0.0,197.40941711320903,89.21325186189539,0.2577215777690941,33995.573936730376,0.47496016085156045,346.16136,296.2191226,97834.26355,1.150789769,1.83e-05,397.0,16.041704779257902,-3.0,1.0,20.0,20.0
23.5,-3722.2505772815007,0.0,195.0748866903416,89.21325186189539,0.2577215777690941,33995.573936730376,0.47496016085156045,346.16136,296.2191226,97834.26355,1.150789769,1.83e-05,397.0,16.041704779257902,-3.0,1.0,20.0,20.0
24.0,-3677.705083181107,0.0,192.74035626747417,89.21325186189539,0.2577215777690941,33995.573936730376,0.47496016085156045,346.16136,296.2191226,97834.26355,1.150789769,1.83e-05,397.0,16.041704779257902,-3.0,1.0,20.0,20.0
24.5,-3633.159589080713,0.0,190.4058258446067,89.21325186189539,0.2577215777690941,33995.573936730376,0.47496016085156045,346.16136,296.2191226,97834.26355,1.150789769,1.83e-05,397.0,16.041704779257902,-3.0,1.0,20.0,20.0
25.0,-3588.6140949803194,0.0,188.07129542173925,89.21325186189539,0.2577215777690941,33995.573936730376,0.47496016085156045,346.16136,296.2191226,97834.26355,1.150789769,1.83e-05,397.0,16.041704779257902,-3.0,1.0,20.0,20.0
25.5,-3544.0686008799257,0.0,185.73676499887182,89.21325186189539,0.2577215777690941,33995.573936730376,0.47496016085156045,346.16136,296.2191226,97834.26355,1.150789769,1.83e-05,397.0,16.041704779257902,-3.0,1.0,20.0,20.0
26.0,-3499.523106779532,0.0,183.4022345760044,89.21325186189539,0.2577215777690941,33995.573936730376,0.47496016085156045,346.16136,296.2191226,97834.26355,1.150789769,1.83e-05,397.0,16.041704779257902,-3.0,1.0,20.0,20.0
26.5,-3454.9776126791385,0.0,181.06770415313693,89.21325186189539,0.2577215777690941,33995.573936730376,0.47496016085156045,346.16136,296.2191226,97834.26355,1.150789769,1.83e-05,397.0,16.041704779257902,-3.0,1.0,20.0,20.0
27.0,-3410.4321185787453,0.0,178.7331737302695,89.21325186189539,0.2577215777690941,33995.573936730376,0.47496016085156045,346.16136,296.2191226,97834.26355,1.150789769,1.83e-05,397.0,16.041704779257902,-3.0,1.0,20.0,20.0
27.5,-3365.8866244783517,0.0,176.39864330740207,89.21325186189539,0.2577215777690941,33995.573936730376,0.47496016085156045,346.16136,296.2191226,97834.26355,1.150789769,1.83e-05,397.0,16.041704779257902,-3.0,1.0,20.0,20.0
28.0,-3321.341130377958,0.0,174.0641128845346,89.21325186189539,0.2577215777690941,33995.573936730376,0.47496016085156045,346.16136,296.2191226,97834.26355,1.150789769,1.83e-05,397.0,16.041704779257902,-3.0,1.0,20.0,20.0
28.5,-3276.7956362775644,0.0,171.72958246166718,89.21325186189539,0.2577215777690941,33995.573936730376,0.47496016085156045,346.16136,296.2191226,97834.26355,1.150789769,1.83e-05,397.0,16.041704779257902,-3.0,1.0,20.0,20.0
29.0,-3232.250142177171,0.0,169.39505203879972,89.21325186189539,0.2577215777690941,33995.573936730376,0.47496016085156045,346.16136,296.2191226,97834.26355,1.150789769,1.83e-05,397.0,16.041704779257902,-3.0,1.0,20.0,20.0
29.5,-3187.704648076777,0.0,167.0605216159323,89.21325186189539,0.2577215777690941,33995.573936730376,0.47496016085156045,346.16136,296.2191226,97834.26355,1.150789769,1.83e-05,397.0,16.041704779257902,-3.0,1.0,20.0,20.0
30.0,-3143.159153976383,0.0,164.72599119306483,89.21325186189539,0.2577215777690941,33995.573936730376,0.47496016085156045,346.16136,296.2191226,97834.26355,1.150789769,1.83e-05,397.0,16.041704779257902,-3.0,1.0,20.0,20.0
30.5,-3098.61365987599,0.0,162.3914607701974,89.21325186189539,0.2577215777690941,33995.573936730376,0.47496016085156045,346.16136,296.2191226,97834.26355,1.150789769,1.83e-05,397.0,16.041704779257902,-3.0,1.0,20.0,20.0
31.0,-3054.0681657755963,0.0,160.05693034732997,89.21325186189539,0.2577215777690941,33995.573936730376,0.47496016085156045,346.16136,296.2191226,97834.26355,1.150789769,1.83e-05,397.0,16.041704779257902,-3.0,1.0,20.0,20.0
31.5,-3009.5226716752027,0.0,157.7223999244625,89.21325186189539,0.2577215777690941,33995.573936730376,0.47496016085156045,346.16136,296.2191226,97834.26355,1.150789769,1.83e-05,397.0,16.041704779257902,-3.0,1.0,20.0,20.0
32.0,-2964.977177574809,0.0,155.38786950159508,89.21325186189539,0.2577215777690941,33995.573936730376,0.47496016085156045,346.16136,296.2191226,97834.26355,1.150789769,1.83e-05,397.0,16.041704779257902,-3.0,1.0,20.0,20.0
32.5,-2920.4316834744154,0.0,153.05333907872762,89.21325186189539,0.2577215777690941,33995.573936730376,0.47496016085156045,346.16136,296.2191226,97834.26355,1.150789769,1.83e-05,397.0,16.041704779257902,-3.0,1.0,20.0,20.0
33.0,-2875.886189374022,0.0,150.7188086558602,89.21325186189539,0.2577215777690941,33995.573936730376,0.47496016085156045,346.16136,296.2191226,97834.26355,1.150789769,1.83e-05,397.0,16.041704779257902,-3.0,1.0,20.0,20.0
33.5,-2831.340695273628,0.0,148.38427823299273,89.21325186189539,0.2577215777690941,33995.573936730376,0.47496016085156045,346.16136,296.2191226,97834.26355,1.150789769,1.83e-05,397.0,16.041704779257902,-3.0,1.0,20.0,20.0
34.0,-2786.795201173235,0.0,146.04974781012533,89.21325186189539,0.2577215777690941,33995.573936730376,0.47496016085156045,346.16136,296.2191226,97834.26355,1.150789769,1.83e-05,397.0,16.041704779257902,-3.0,1.0,20.0,20.0
34.5,-2742.2497070728414,0.0,143.71521738725787,89.21325186189539,0.2577215777690941,33995.573936730376,0.47496016085156045,346.16136,296.2191226,97834.26355,1.150789769,1.83e-05,397.0,16.041704779257902,-3.0,1.0,20.0,20.0
35.0,-2697.7042129724473,0.0,141.38068696439043,89.21325186189539,0.2577215777690941,33995.573936730376,0.47496016085156045,346.16136,296.2191226,97834.26355,1.150789769,1.83e-05,397.0,16.041704779257902,-3.0,1.0,20.0,20.0
35.5,-2653.1587188720537,0.0,139.04615654152298,89.21325186189539,0.2577215777690941,33995.573936730376,0.47496016085156045,346.16136,296.2191226,97834.26355,1.150789769,1.83e-05,397.0,16.041704779257902,-3.0,1.0,20.0,20.0
36.0,-2608.61322477166,0.0,136.71162611865554,89.21325186189539,0.2577215777690941,33995.573936730376,0.47496016085156045,346.16136,296.2191226,97834.26355,1.150789769,1.83e-05,397.0,16.041704779257902,-3.0,1.0,20.0,20.0
36.5,-2564.0677306712664,0.0,134.37709569578809,89.21325186189539,0.2577215777690941,33995.573936730376,0.47496016085156045,346.16136,296.2191226,97834.26355,1.150789769,1.83e-05,397.0,16.041704779257902,-3.0,1.0,20.0,20.0
37.0,-2519.522236570873,0.0,132.04256527292065,89.21325186189539,0.2577215777690941,33995.573936730376,0.47496016085156045,346.16136,296.2191226,97834.26355,1.150789769,1.83e-05,397.0,16.041704779257902,-3.0,1.0,20.0,20.0
37.5,-2474.9767424704796,0.0,129.70803485005322,89.21325186189539,0.2577215777690941,33995.573936730376,0.47496016085156045,346.16136,296.2191226,97834.26355,1.150789769,1.83e-05,397.0,16.041704779257902,-3.0,1.0,20.0,20.0
38.0,-2430.431248370086,0.0,127.3735044271858,89.21325186189539,0.2577215777690941,33995.573936730376,0.47496016085156045,346.16136,296.2191226,97834.26355,1.150789769,1.83e-05,397.0,16.041704779257902,-3.0,1.0,20.0,20.0
38.5,-2385.8857542696924,0.0,125.03897400431833,89.21325186189539,0.2577215777690941,33995.573936730376,0.47496016085156045,346.16136,296.2191226,97834.26355,1.150789769,1.83e-05,397.0,16.041704779257902,-3.0,1.0,20.0,20.0
39.0,-2341.3402601692987,0.0,122.7044435814509,89.21325186189539,0.2577215777690941,33995.573936730376,0.47496016085156045,346.16136,296.2191226,97834.26355,1.150789769,1.83e-05,397.0,16.041704779257902,-3.0,1.0,20.0,20.0
39.5,-2296.794766068905,0.0,120.36991315858344,89.21325186189539,0.2577215777690941,33995.573936730376,0.47496016085156045,346.16136,296.2191226,97834.26355,1.150789769,1.83e-05,397.0,16.041704779257902,-3.0,1.0,20.0,20.0
40.0,-2252.2492719685115,0.0,118.03538273571598,89.21325186189539,0.2577215777690941,33995.573936730376,0.47496016085156045,346.16136,296.2191226,97834.26355,1.150789769,1.83e-05,397.0,16.041704779257902,-3.0,1.0,20.0,20.0
40.5,-2207.7037778681174,0.0,115.70085231284855,89.21325186189539,0.2577215777690941,33995.573936730376,0.47496016085156045,346.16136,296.2191226,97834.26355,1.150789769,1.83e-05,397.0,16.041704779257902,-3.0,1.0,20.0,20.0
41.0,-2163.1582837677242,0.0,113.36632188998112,89.21325186189539,0.2577215777690941,33995.573936730376,0.47496016085156045,346.16136,296.2191226,97834.26355,1.150789769,1.83e-05,397.0,16.041704779257902,-3.0,1.0,20.0,20.0
41.5,-2118.6127896673306,0.0,111.03179146711369,89.21325186189539,0.2577215777690941,33995.573936730376,0.47496016085156045,346.16136,296.2191226,97834.26355,1.150789769,1.83e-05,397.0,16.041704779257902,-3.0,1.0,20.0,20.0
42.0,-2074.067295566937,0.0,108.69726104424623,89.21325186189539,0.2577215777690941,33995.573936730376,0.47496016085156045,346.16136,296.2191226,97834.26355,1.150789769,1.83e-05,397.0,16.041704779257902,-3.0,1.0,20.0,20.0
42.5,-2029.5218014665434,0.0,106.3627306213788,89.21325186189539,0.2577215777690941,33995.573936730376,0.47496016085156045,346.16136,296.2191226,97834.26355,1.150789769,1.83e-05,397.0,16.041704779257902,-3.0,1.0,20.0,20.0
43.0,-1984.9763073661497,0.0,104.02820019851134,89.21325186189539,0.2577215777690941,33995.573936730376,0.47496016085156045,346.16136,296.2191226,97834.26355,1.150789769,1.83e-05,397.0,16.041704779257902,-3.0,1.0,20.0,20.0
43.5,-1940.4308132657561,0.0,101.69366977564391,89.21325186189539,0.2577215777690941,33995.573936730376,0.47496016085156045,346.16136,296.2191226,97834.26355,1.150789769,1.83e-05,397.0,16.041704779257902,-3.0,1.0,20.0,20.0
44.0,-1895.8853191653625,0.0,99.35913935277645,89.21325186189539,0.2577215777690941,33995.573936730376,0.47496016085156045,346.16136,296.2191226,97834.26355,1.150789769,1.83e-05,397.0,16.041704779257902,-3.0,1.0,20.0,20.0
44.5,-1851.3398250649693,0.0,97.02460892990905,89.21325186189539,0.2577215777690941,33995.573936730376,0.47496016085156045,346.16136,296.2191226,97834.26355,1.150789769,1.83e-05,397.0,16.041704779257902,-3.0,1.0,20.0,20.0
45.0,-1806.7943309645757,0.0,94.69007850704159,89.21325186189539,0.2577215777690941,33995.573936730376,0.47496016085156045,346.16136,296.2191226,97834.26355,1.150789769,1.83e-05,397.0,16.041704779257902,-3.0,1.0,20.0,20.0
45.5,-1762.248836864182,0.0,92.35554808417416,89.21325186189539,0.2577215777690941,33995.573936730376,0.47496016085156045,346.16136,296.2191226,97834.26355,1.150789769,1.83e-05,397.0,16.041704779257902,-3.0,1.0,20.0,20.0
46.0,-1717.703342763788,0.0,90.02101766130667,89.21325186189539,0.2577215777690941,33995.573936730376,0.47496016085156045,346.16136,296.2191226,97834.26355,1.150789769,1.83e-05,397.0,16.041704779257902,-3.0,1.0,20.0,20.0
46.5,-1673.1578486633944,0.0,87.68648723843927,89.21325186189539,0.2577215777690941,33995.573936730376,0.47496016085156045,346.16136,296.2191226,97834.26355,1.150789769,1.83e-05,397.0,16.041704779257902,-3.0,1.0,20.0,20.0
47.0,-1628.6123545630016,0.0,85.35195681557184,89.21325186189539,0.2577215777690941,33995.573936730376,0.47496016085156045,346.16136,296.2191226,97834.26355,1.150789769,1.83e-05,397.0,16.041704779257902,-3.0,1.0,20.0,20.0
47.5,-1584.066860462607,0.0,83.01742639270438,89.21325186189539,0.2577215777690941,33995.573936730376,0.47496016085156045,346.16136,296.2191226,97834.26355,1.150789769,1.83e-05,397.0,16.041704779257902,-3.0,1.0,20.0,20.0
48.0,-1539.5213663622144,0.0,80.68289596983695,89.21325186189539,0.2577215777690941,33995.573936730376,0.47496016085156045,346.16136,296.2191226,97834.26355,1.150789769,1.83e-05,397.0,16.041704779257902,-3.0,1.0,20.0,20.0
48.5,-1494.9758722618199,0.0,78.34836554696949,89.21325186189539,0.2577215777690941,33995.573936730376,0.47496016085156045,346.16136,296.2191226,97834.26355,1.150789769,1.83e-05,397.0,16.041704779257902,-3.0,1.0,20.0,20.0
49.0,-1450.4303781614262,0.0,76.01383512410206,89.21325186189539,0.2577215777690941,33995.573936730376,0.47496016085156045,346.16136,296.2191226,97834.26355,1.150789769,1.83e-05,397.0,16.041704779257902,-3.0,1.0,20.0,20.0
49.5,-1405.8848840610326,0.0,73.67930470123457,89.21325186189539,0.2577215777690941,33995.573936730376,0.47496016085156045,346.16136,296.2191226,97834.26355,1.150789769,1.83e-05,397.0,16.041704779257902,-3.0,1.0,20.0,20.0
50.0,-1361.339389960639,0.0,71.34477427836717,89.21325186189539,0.2577215777690941,33995.573936730376,0.47496016085156045,346.16136,296.2191226,97834.26355,1.150789769,1.83e-05,397.0,16.041704779257902,-3.0,1.0,20.0,20.0
50.5,-1316.7938958602463,0.0,69.01024385549974,89.21325186189539,0.2577215777690941,33995.573936730376,0.47496016085156045,346.16136,296.2191226,97834.26355,1.150789769,1.83e-05,397.0,16.041704779257902,-3.0,1.0,20.0,20.0
51.0,-1272.2484017598517,0.0,66.67571343263228,89.21325186189539,0.2577215777690941,33995.573936730376,0.47496016085156045,346.16136,296.2191226,97834.26355,1.150789769,1.83e-05,397.0,16.041704779257902,-3.0,1.0,20.0,20.0
51.5,-1227.702907659459,0.0,64.34118300976485,89.21325186189539,0.2577215777690941,33995.573936730376,0.47496016085156045,346.16136,296.2191226,97834.26355,1.150789769,1.83e-05,397.0,16.041704779257902,-3.0,1.0,20.0,20.0
52.0,-1183.1574135590645,0.0,62.00665258689739,89.21325186189539,0.2577215777690941,33995.573936730376,0.47496016085156045,346.16136,296.2191226,97834.26355,1.150789769,1.83e-05,397.0,16.041704779257902,-3.0,1.0,20.0,20.0
52.5,-1138.6119194586718,0.0,59.67212216402996,89.21325186189539,0.2577215777690941,33995.573936730376,0.47496016085156045,346.16136,296.2191226,97834.26355,1.150789769,1.83e-05,397.0,16.041704779257902,-3.0,1.0,20.0,20.0
53.0,-1094.0664253582772,0.0,57.3375917411625,89.21325186189539,0.2577215777690941,33995.573936730376,0.47496016085156045,346.16136,296.2191226,97834.26355,1.150789769,1.83e-05,397.0,16.041704779257902,-3.0,1.0,20.0,20.0
53.5,-1049.5209312578845,0.0,55.00306131829507,89.21325186189539,0.2577215777690941,33995.573936730376,0.47496016085156045,346.16136,296.2191226,97834.26355,1.150789769,1.83e-05,397.0,16.041704779257902,-3.0,1.0,20.0,20.0
54.0,-1004.9754371574909,0.0,52.66853089542764,89.21325186189539,0.2577215777690941,33995.573936730376,0.47496016085156045,346.16136,296.2191226,97834.26355,1.150789769,1.83e-05,397.0,16.041704779257902,-3.0,1.0,20.0,20.0
54.5,-960.4299430570964,0.0,50.33400047256018,89.21325186189539,0.2577215777690941,33995.573936730376,0.47496016085156045,346.16136,296.2191226,97834.26355,1.150789769,1.83e-05,397.0,16.041704779257902,-3.0,1.0,20.0,20.0
55.0,-915.8844489567036,0.0,47.999470049692775,89.21325186189539,0.2577215777690941,33995.573936730376,0.47496016085156045,346.16136,296.2191226,97834.26355,1.150789769,1.83e-05,397.0,16.041704779257902,-3.0,1.0,20.0,20.0
55.5,-871.3389548563091,0.0,45.66493962682529,89.21325186189539,0.2577215777690941,33995.573936730376,0.47496016085156045,346.16136,296.2191226,97834.26355,1.150789769,1.83e-05,397.0,16.041704779257902,-3.0,1.0,20.0,20.0
56.0,-826.7934607559164,0.0,43.330409203957856,89.21325186189539,0.2577215777690941,33995.573936730376,0.47496016085156045,346.16136,296.2191226,97834.26355,1.150789769,1.83e-05,397.0,16.041704779257902,-3.0,1.0,20.0,20.0
56.5,-782.2479666555219,0.0,40.995878781090425,89.21325186189539,0.2577215777690941,33995.573936730376,0.47496016085156045,346.16136,296.2191226,97834.26355,1.150789769,1.83e-05,397.0,16.041704779257902,-3.0,1.0,20.0,20.0
57.0,-737.7024725551291,0.0,38.661348358222995,89.21325186189539,0.2577215777690941,33995.573936730376,0.47496016085156045,346.16136,296.2191226,97834.26355,1.150789769,1.83e-05,397.0,16.041704779257902,-3.0,1.0,20.0,20.0
57.5,-693.1569784547355,0.0,36.326817935355564,89.21325186189539,0.2577215777690941,33995.573936730376,0.47496016085156045,346.16136,296.2191226,97834.26355,1.150789769,1.83e-05,397.0,16.041704779257902,-3.0,1.0,20.0,20.0
58.0,-648.6114843543419,0.0,33.992287512488076,89.21325186189539,0.2577215777690941,33995.573936730376,0.47496016085156045,346.16136,296.2191226,97834.26355,1.150789769,1.83e-05,397.0,16.041704779257902,-3.0,1.0,20.0,20.0
58.5,-604.0659902539483,0.0,31.657757089620645,89.21325186189539,0.2577215777690941,33995.573936730376,0.47496016085156045,346.16136,296.2191226,97834.26355,1.150789769,1.83e-05,397.0,16.041704779257902,-3.0,1.0,20.0,20.0
59.0,-559.5204961535546,0.0,29.323226666753214,89.21325186189539,0.2577215777690941,33995.573936730376,0.47496016085156045,346.16136,296.2191226,97834.26355,1.150789769,1.83e-05,397.0,16.041704779257902,-3.0,1.0,20.0,20.0
59.5,-514.975002053161,0.0,26.988696243885784,89.21325186189539,0.2577215777690941,33995.573936730376,0.47496016085156045,346.16136,296.2191226,97834.26355,1.150789769,1.83e-05,397.0,16.041704779257902,-3.0,1.0,20.0,20.0
60.0,-470.42950795276647,0.0,24.654165821018296,89.21325186189539,0.2577215777690941,33995.573936730376,0.47496016085156045,346.16136,296.2191226,97834.26355,1.150789769,1.83e-05,397.0,16.041704779257902,-3.0,1.0,20.0,20.0
60.5,-425.88401385237376,0.0,22.319635398150865,89.21325186189539,0.2577215777690941,33995.573936730376,0.47496016085156045,346.16136,296.2191226,97834.26355,1.150789769,1.83e-05,397.0,16.041704779257902,-3.0,1.0,20.0,20.0
61.0,-381.33851975198013,0.0,19.985104975283434,89.21325186189539,0.2577215777690941,33995.573936730376,0.47496016085156045,346.16136,296.2191226,97834.26355,1.150789769,1.83e-05,397.0,16.041704779257902,-3.0,1.0,20.0,20.0
61.5,-336.7930256515865,0.0,17.650574552416003,89.21325186189539,0.2577215777690941,33995.573936730376,0.47496016085156045,346.16136,296.2191226,97834.26355,1.150789769,1.83e-05,397.0,16.041704779257902,-3.0,1.0,20.0,20.0
62.0,-292.2475315511929,0.0,15.316044129548573,89.21325186189539,0.2577215777690941,33995.573936730376,0.47496016085156045,346.16136,296.2191226,97834.26355,1.150789769,1.83e-05,397.0,16.041704779257902,-3.0,1.0,20.0,20.0
62.5,-247.70203745079925,0.0,12.981513706681085,89.21325186189539,0.2577215777690941,33995.573936730376,0.47496016085156045,346.16136,296.2191226,97834.26355,1.150789769,1.83e-05,397.0,16.041704779257902,-3.0,1.0,20.0,20.0
63.0,-203.15654335040563,0.0,10.646983283813654,89.21325186189539,0.2577215777690941,33995.573936730376,0.47496016085156045,346.16136,296.2191226,97834.26355,1.150789769,1.83e-05,397.0,16.041704779257902,-3.0,1.0,20.0,20.0
63.5,-158.611049250012,0.0,8.312452860946223,89.21325186189539,0.2577215777690941,33995.573936730376,0.47496016085156045,346.16136,296.2191226,97834.26355,1.150789769,1.83e-05,397.0,16.041704779257902,-3.0,1.0,20.0,20.0
64.0,-114.06555514961838,0.0,5.977922438078792,89.21325186189539,0.2577215777690941,33995.573936730376,0.47496016085156045,346.16136,296.2191226,97834.26355,1.150789769,1.83e-05,397.0,16.041704779257902,-3.0,1.0,20.0,20.0
64.5,-69.52006104922566,0.0,3.6433920152113615,89.21325186189539,0.2577215777690941,33995.573936730376,0.47496016085156045,346.16136,296.2191226,97834.26355,1.150789769,1.83e-05,397.0,16.041704779257902,-3.0,1.0,20.0,20.0
65.0,-24.974566948831125,0.0,1.3088615923438738,89.21325186189539,0.2577215777690941,33995.573936730376,0.47496016085156045,346.16136,296.2191226,97834.26355,1.150789769,1.83e-05,397.0,16.041704779257902,-3.0,1.0,20.0,20.0
