,Core mdot [kg/s],Core Pt [Pa],Core Tti [K],Core Ttj [K],Core DT_t [K],Jet A [m2],Jet rho [kg/m3],Jet Tt [K],Jet V [m/s],Jet M [-],Fan mdot in [kg/s],Fan N [rpm],Fan A [m2],Fan d [m],Fan delta T [K]
0,33.53275325055353,2055167.3776820858,748.0207975638709,1790.244466114533,785.4366895312885,0.5442548002238571,0.7752682359319163,541.6304407825322,422.9727924921739,0.9934043995955188,177.39217946299703,8805.44695318156,0.9546001543274512,1.1557,84.42225096572542
1,33.54550918415987,2055992.3910887258,748.078196825475,1790.3141077950033,785.4366895312885,0.5442548002238571,0.7755492482480636,541.6671053757661,423.0115239723447,0.9934726814502401,177.47334293039773,8804.58500357101,0.9546001543274512,1.1557,84.41447946041808
2,33.55786649484101,2056791.6228264084,748.1338023601538,1790.381573172959,785.4366895312885,0.5442548002238571,0.7758214789293313,541.7026242004614,423.04904509376024,0.9935388294970013,177.55197003944212,8803.749989885791,0.9546001543274512,1.1557,84.40695081465158
3,33.570622428447344,2057616.6362330485,748.1912016217578,1790.451214853429,785.4366895312885,0.5442548002238571,0.7761024912454785,541.7392887936953,423.08777657393114,0.9936071113517225,177.63313350684282,8802.888040275242,0.9546001543274512,1.1557,84.39917930934423
4,33.58337836205368,2058441.6496396884,748.2486008833617,1790.5208565338994,785.4366895312885,0.5442548002238571,0.7763835035616258,541.7759533869291,423.126508054102,0.9936753932064438,177.7142969742435,8802.026090664693,0.9546001543274512,1.1557,84.39140780403689
5,33.596134295660015,2059266.6630463284,748.3060001449658,1790.5904982143697,785.4366895312885,0.5442548002238571,0.7766645158777731,541.812617980163,423.16523953427287,0.9937436750611651,177.7954604416442,8801.164141054143,0.9546001543274512,1.1557,84.38363629872953
6,33.60889022926635,2060091.6764529685,748.3633994065698,1790.6601398948399,785.4366895312885,0.5442548002238571,0.7769455281939204,541.8492825733969,423.2039710144437,0.9938119569158863,177.87662390904487,8800.302191443594,0.9546001543274512,1.1557,84.37586479342218
7,33.62164616287268,2060916.6898596084,748.4207986681738,1790.7297815753102,785.4366895312885,0.5442548002238571,0.7772265405100676,541.8859471666308,423.24270249461455,0.9938802387706076,177.95778737644557,8799.440241833046,0.9546001543274512,1.1557,84.36809328811484
8,33.634402096479015,2061741.7032662486,748.4781979297778,1790.7994232557805,785.4366895312885,0.5442548002238571,0.7775075528262149,541.9226117598646,423.28143397478544,0.9939485206253288,178.03895084384627,8798.578292222497,0.9546001543274512,1.1557,84.36032178280749
9,33.64715803008535,2062566.7166728885,748.5355971913817,1790.8690649362507,785.4366895312885,0.5442548002238571,0.7777885651423622,541.9592763530985,423.3201654549563,0.9940168024800501,178.12011431124694,8797.716342611948,0.9546001543274512,1.1557,84.35255027750014
10,33.66031258661689,2063417.511748486,748.5947901799109,1790.9408829192357,785.4366895312885,0.5442548002238571,0.7780783590933891,541.9970867148709,423.3601072938825,0.9940872181427314,178.2038141370039,8796.82745707607,0.9546001543274512,1.1557,84.34453591265193
11,33.673068520223225,2064242.5251551261,748.6521894415149,1791.010524599706,785.4366895312885,0.5442548002238571,0.7783593714095363,542.0337513081048,423.39883877405333,0.9941554999974527,178.2849776044046,8795.96550746552,0.9546001543274512,1.1557,84.33676440734459
12,33.68622307675476,2065093.3202307236,748.711382430044,1791.082342582691,785.4366895312885,0.5442548002238571,0.7786491653605632,542.0715616698773,423.43878061297954,0.994225915660134,178.36867743016154,8795.076621929642,0.9546001543274512,1.1557,84.32875004249638
13,33.69937763328629,2065944.115306321,748.7705754185731,1791.154160565676,785.4366895312885,0.5442548002238571,0.7789389593115901,542.1093720316496,423.47872245190575,0.9942963313228153,178.4523772559185,8794.187736393762,0.9546001543274512,1.1557,84.32073567764817
14,33.71253218981782,2066794.9103819185,748.8297684071023,1791.2259785486608,785.4366895312885,0.5442548002238571,0.7792287532626169,542.1471823934221,423.51866429083196,0.9943667469854965,178.53607708167544,8793.298850857884,0.9546001543274512,1.1557,84.31272131279998
15,33.72568674634935,2067645.7054575162,748.8889613956313,1791.2977965316459,785.4366895312885,0.5442548002238571,0.7795185472136438,542.1849927551946,423.5586061297582,0.9944371626481778,178.61977690743242,8792.409965322006,0.9546001543274512,1.1557,84.30470694795177
16,33.738841302880886,2068496.5005331137,748.9481543841605,1791.3696145146307,785.4366895312885,0.5442548002238571,0.7798083411646707,542.2228031169669,423.59854796868433,0.9945075783108591,178.70347673318938,8791.521079786127,0.9546001543274512,1.1557,84.29669258310356
17,33.751995859412425,2069347.2956087112,749.0073473726897,1791.4414324976158,785.4366895312885,0.5442548002238571,0.7800981351156976,542.2606134787394,423.63848980761054,0.9945779939735404,178.78717655894633,8790.632194250247,0.9546001543274512,1.1557,84.28867821825537
18,33.76515041594396,2070198.0906843087,749.0665403612187,1791.5132504806008,785.4366895312885,0.5442548002238571,0.7803879290667244,542.2984238405118,423.67843164653675,0.9946484096362217,178.87087638470328,8789.743308714369,0.9546001543274512,1.1557,84.28066385340716
19,33.778703595400685,2071074.6674288637,749.127527076673,1791.5872447661004,785.4366895312885,0.5442548002238571,0.7806865046526309,542.3373799708228,423.7195838442183,0.994720959106863,178.9571125688165,8788.82748725316,0.9546001543274512,1.1557,84.2724066290181
20,33.79185815193222,2071925.4625044612,749.186720065202,1791.6590627490855,785.4366895312885,0.5442548002238571,0.7809762986036578,542.3751903325953,423.7595256831445,0.9947913747695444,179.04081239457346,8787.938601717282,0.9546001543274512,1.1557,84.2643922641699
21,33.80541133138895,2072802.0392490162,749.2477067806564,1791.733057034585,785.4366895312885,0.5442548002238571,0.7812748741895642,542.4141464629062,423.800677880826,0.9948639242401857,179.1270485786867,8787.022780256073,0.9546001543274512,1.1557,84.25613503978084
22,33.81896451084568,2073678.6159935712,749.3086934961105,1791.8070513200846,785.4366895312885,0.5442548002238571,0.7815734497754707,542.4531025932172,423.8418300785076,0.9949364737108269,179.21328476279993,8786.106958794866,0.9546001543274512,1.1557,84.24787781539177
23,33.83251769030241,2074555.1927381263,749.3696802115649,1791.8810456055844,785.4366895312885,0.5442548002238571,0.7818720253613772,542.4920587235282,423.8829822761891,0.9950090231814683,179.29952094691316,8785.191137333657,0.9546001543274512,1.1557,84.23962059100272
24,33.846070869759146,2075431.7694826813,749.430666927019,1791.955039891084,785.4366895312885,0.544254800223857,0.7821706009472836,542.5310148538392,423.92413447387065,0.9950815726521096,179.3857571310264,8784.275315872448,0.9546001543274512,1.1557,84.23136336661366
25,33.859624049215874,2076308.3462272363,749.4916536424734,1792.0290341765838,785.4366895312885,0.544254800223857,0.7824691765331901,542.5699709841501,423.9652866715522,0.995154122122751,179.47199331513963,8783.359494411241,0.9546001543274512,1.1557,84.22310614222461
26,33.87317722867261,2077184.9229717914,749.5526403579275,1792.1030284620833,785.4366895312885,0.544254800223857,0.7827677521190967,542.6089271144612,424.00643886923376,0.9952266715933923,179.55822949925283,8782.443672950032,0.9546001543274512,1.1557,84.21484891783555
27,33.887129031054535,2078087.281385304,749.615420800307,1792.1791990500976,785.4366895312885,0.544254800223857,0.7830751093398827,542.6490290133107,424.0488014256706,0.9953013548719937,179.64700204172235,8781.500915563494,0.9546001543274512,1.1557,84.20634883390564
28,33.90068221051127,2078963.858129859,749.6764075157612,1792.2531933355974,785.4366895312885,0.544254800223857,0.7833736849257892,542.6879851436216,424.08995362335213,0.9953739043426351,179.73323822583558,8780.585094102285,0.9546001543274512,1.1557,84.19809160951658
29,33.914634012893195,2079866.2165433716,749.7391879581405,1792.3293639236117,785.4366895312885,0.544254800223857,0.7836810421465753,542.7280870424712,424.13231617978903,0.9954485876212364,179.82201076830506,8779.642336715748,0.9546001543274512,1.1557,84.18959152558666
30,33.92858581527513,2080768.574956884,749.80196840052,1792.405534511626,785.4366895312885,0.544254800223857,0.7839883993673613,542.7681889413208,424.1746787362259,0.9955232708998377,179.91078331077458,8778.69957932921,0.9546001543274512,1.1557,84.18109144165675
31,33.94253761765705,2081670.9333703965,749.8647488428993,1792.4817050996405,785.4366895312885,0.544254800223857,0.7842957565881474,542.8082908401703,424.21704129266277,0.9955979541784391,179.99955585324406,8777.756821942672,0.9546001543274512,1.1557,84.17259135772684
32,33.956489420038984,2082573.291783909,749.9275292852786,1792.5578756876548,785.4366895312885,0.544254800223857,0.7846031138089335,542.8483927390199,424.25940384909967,0.9956726374570405,180.08832839571357,8776.814064556134,0.9546001543274512,1.1557,84.16409127379693
33,33.97044122242092,2083475.6501974217,749.9903097276581,1792.634046275669,785.4366895312885,0.544254800223857,0.7849104710297196,542.8884946378694,424.30176640553657,0.9957473207356419,180.1771009381831,8775.871307169595,0.9546001543274512,1.1557,84.15559118986701
34,33.984791647728045,2084403.7902798916,750.0548838969626,1792.7123931661981,785.4366895312885,0.544254800223857,0.7852266098853853,542.9297423052575,424.3453393207288,0.9958241378222032,180.26840983900885,8774.901613857728,0.9546001543274512,1.1557,84.14684824639625
35,33.99874345010997,2085306.1486934042,750.1176643393419,1792.7885637542126,785.4366895312885,0.544254800223857,0.7855339671061714,542.9698442041071,424.3877018771656,0.9958988211008046,180.35718238147834,8773.95885647119,0.9546001543274512,1.1557,84.13834816246633
36,34.0130938754171,2086234.288775874,750.1822385086464,1792.8669106447417,785.4366895312885,0.544254800223857,0.785850105961837,543.0110918714952,424.43127479235784,0.9959756381873661,180.4484912823041,8772.989163159322,0.9546001543274512,1.1557,84.12960521899556
37,34.02744430072423,2087162.4288583442,750.2468126779509,1792.9452575352707,785.4366895312885,0.544254800223857,0.7861662448175027,543.0523395388833,424.4748477075501,0.9960524552739275,180.5398001831299,8772.019469847455,0.9546001543274512,1.1557,84.1208622755248
38,34.041794726031355,2088090.5689408141,750.3113868472554,1793.0236044257997,785.4366895312885,0.544254800223857,0.7864823836731684,543.0935872062714,424.5184206227423,0.9961292723604889,180.63110908395566,8771.049776535587,0.9546001543274512,1.1557,84.11211933205402
39,34.05614515133848,2089018.7090232843,750.3759610165599,1793.1019513163287,785.4366895312885,0.544254800223857,0.7867985225288341,543.1348348736594,424.56199353793454,0.9962060894470504,180.72241798478143,8770.080083223718,0.9546001543274512,1.1557,84.10337638858326
40,34.070495576645605,2089946.8491057542,750.4405351858644,1793.1802982068577,785.4366895312885,0.544254800223857,0.7871146613844998,543.1760825410475,424.60556645312676,0.9962829065336117,180.8137268856072,8769.110389911852,0.9546001543274512,1.1557,84.09463344511249
41,34.08524462487793,2090900.7708571819,750.506903082094,1793.2608213999015,785.4366895312885,0.544254800223857,0.787439581875045,543.2184759769742,424.6503497270743,0.9963618574281332,180.90757214478924,8768.113760674654,0.9546001543274512,1.1557,84.08564764210087
42,34.099993673110255,2091854.6926086093,750.5732709783236,1793.3413445929452,785.4366895312885,0.544254800223857,0.7877645023655904,543.2608694129009,424.6951330010219,0.9964408083226546,181.0014174039713,8767.117131437457,0.9546001543274512,1.1557,84.07666183908925
43,34.114344098417384,2092782.8326910792,750.6378451476281,1793.4196914834745,785.4366895312885,0.544254800223857,0.788080641221256,543.302117080289,424.7387059162141,0.9965176254092161,181.09272630479705,8766.147438125588,0.9546001543274512,1.1557,84.06791889561848
44,34.129491769574905,2093762.5361114643,750.7060067707829,1793.502390979033,785.4366895312885,0.544254800223857,0.7884143433466809,543.3456562847542,424.784699548917,0.9965987101116975,181.18910792233538,8765.123872963062,0.9546001543274512,1.1557,84.058690233066
45,34.14424081780723,2094716.457862892,750.7723746670125,1793.5829141720767,785.4366895312885,0.544254800223857,0.7887392638372261,543.3880497206809,424.8294828228645,0.996677661006219,181.28295318151743,8764.127243725865,0.9546001543274512,1.1557,84.04970443005438
46,34.15898986603956,2095670.3796143194,750.8387425632421,1793.6634373651204,785.4366895312885,0.544254800223857,0.7890641843277715,543.4304431566076,424.8742660968121,0.9967566119007404,181.37679844069947,8763.130614488668,0.9546001543274512,1.1557,84.04071862704276
47,34.17413753719708,2096650.0830347044,750.9069041863969,1793.7461368606787,785.4366895312885,0.544254800223857,0.7893978864531964,543.4739823610728,424.920259729515,0.996837696603222,181.47318005823777,8762.107049326141,0.9546001543274512,1.1557,84.03148996449028
48,34.18888658542941,2097604.004786132,750.9732720826265,1793.8266600537224,785.4366895312885,0.544254800223857,0.7897228069437416,543.5163757969995,424.96504300346254,0.9969166474977433,181.56702531741982,8761.110420088944,0.9546001543274512,1.1557,84.02250416147866
49,34.20403425658693,2098583.708206517,751.0414337057813,1793.909359549281,785.4366895312885,0.544254800223857,0.7900565090691666,543.5599150014647,425.01103663616544,0.9969977322002248,181.66340693495815,8760.086854926416,0.9546001543274512,1.1557,84.01327549892618
50,34.21918192774445,2099563.411626902,751.1095953289359,1793.9920590448394,785.4366895312885,0.544254800223857,0.7903902111945914,543.6034542059299,425.05703026886835,0.9970788169027064,181.75978855249645,8759.06328976389,0.9546001543274512,1.1557,84.0040468363737
51,34.234728221827176,2100568.8967162445,751.1795506790158,1794.0769348429126,785.4366895312885,0.544254800223857,0.790732694954896,543.6481391789337,425.10423426032656,0.9971620354131479,181.85870652839102,8758.012788676033,0.9546001543274512,1.1557,83.99457531428037
52,34.2498758929847,2101548.60013663,751.2477123021706,1794.159634338471,785.4366895312885,0.544254800223857,0.7910663970803208,543.6916783833989,425.15022789302947,0.9972431201156293,181.95508814592935,8756.989223513505,0.9546001543274512,1.1557,83.9853466517279
53,34.26542218706742,2102554.085225972,751.3176676522504,1794.2445101365442,785.4366895312885,0.544254800223857,0.7914088808406253,543.7363633564026,425.1974318844877,0.9973263386260709,182.05400612182393,8755.93872242565,0.9546001543274512,1.1557,83.97587512963456
54,34.28096848115014,2103559.5703153145,751.3876230023303,1794.3293859346172,785.4366895312885,0.544254800223857,0.7917513646009298,543.7810483294064,425.24463587594596,0.9974095571365125,182.1529240977185,8754.888221337793,0.9546001543274512,1.1557,83.96640360754124
55,34.296514775232865,2104565.055404657,751.4575783524102,1794.4142617326904,785.4366895312885,0.544254800223857,0.7920938483612343,543.8257333024102,425.2918398674042,0.9974927756469539,182.25184207361312,8753.837720249936,0.9546001543274512,1.1557,83.9569320854479
56,34.31206106931558,2105570.5404939996,751.52753370249,1794.4991375307636,785.4366895312885,0.544254800223857,0.7924363321215387,543.8704182754141,425.3390438588624,0.9975759941573955,182.3507600495077,8752.787219162079,0.9546001543274512,1.1557,83.94746056335457
57,34.328005986323504,2106601.8072522995,751.5992827794951,1794.5861896313515,785.4366895312885,0.544254800223857,0.7927875975167229,543.9162490169564,425.387458209076,0.9976613464757971,182.45221438375856,8751.709782148893,0.9546001543274512,1.1557,83.93774618172039
58,34.34395090333142,2107633.0740106,751.6710318565001,1794.6732417319392,785.4366895312885,0.544254800223857,0.7931388629119069,543.9620797584987,425.4358725592896,0.9977466987941986,182.55366871800942,8750.632345135706,0.9546001543274512,1.1557,83.9280318000862
59,34.35989582033934,2108664.3407689,751.7427809335051,1794.7602938325272,785.4366895312885,0.544254800223857,0.793490128307091,544.007910500041,425.48428690950317,0.9978320511126002,182.65512305226028,8749.55490812252,0.9546001543274512,1.1557,83.918317418452
60,34.37584073734726,2109695.6075271997,751.8145300105101,1794.8473459331149,785.4366895312885,0.544254800223857,0.7938413937022751,544.0537412415833,425.5327012597167,0.9979174034310018,182.75657738651114,8748.477471109334,0.9546001543274512,1.1557,83.90860303681782
61,34.391785654355175,2110726.8742855,751.886279087515,1794.9343980337028,785.4366895312885,0.544254800223857,0.7941926590974592,544.0995719831258,425.5811156099303,0.9980027557494033,182.85803172076197,8747.400034096148,0.9546001543274512,1.1557,83.89888865518364
62,34.40812919428829,2111783.9227127573,751.9598218914451,1795.0236264368052,785.4366895312885,0.544254800223857,0.7945527061275229,544.1465484932066,425.6307403188992,0.9980902418757649,182.9620224133691,8746.295661157632,0.9546001543274512,1.1557,83.8889314140086
63,34.42447273422141,2112840.971140015,752.0333646953753,1795.1128548399079,785.4366895312885,0.544254800223857,0.7949127531575866,544.1935250032875,425.6803650278681,0.9981777280021266,183.06601310597625,8745.191288219115,0.9546001543274512,1.1557,83.87897417283355
64,34.44081627415453,2113898.0195672726,752.1069074993054,1795.2020832430103,785.4366895312885,0.544254800223857,0.7952728001876503,544.2405015133684,425.72998973683707,0.9982652141284881,183.17000379858337,8744.086915280599,0.9546001543274512,1.1557,83.86901693165852
65,34.457159814087646,2114955.06799453,752.1804503032355,1795.291311646113,785.4366895312885,0.5442548002238569,0.795632847217714,544.2874780234494,425.779614445806,0.9983527002548498,183.2739944911905,8742.982542342084,0.9546001543274512,1.1557,83.85905969048348
66,34.47390197694596,2116037.898090745,752.2557868340908,1795.38271635173,785.4366895312885,0.5442548002238569,0.7960016758826572,544.3356003020688,425.8304495135302,0.9984423201891713,183.3805215421539,8741.851233478239,0.9546001543274512,1.1557,83.84885958976759
67,34.490644139804274,2117120.72818696,752.331123364946,1795.4741210573475,785.4366895312885,0.5442548002238569,0.7963705045476006,544.3837225806882,425.8812845812545,0.998531940123493,183.4870485931173,8740.719924614392,0.9546001543274512,1.1557,83.83865948905168
68,34.507386302662596,2118203.558283175,752.4064598958013,1795.5655257629646,785.4366895312885,0.5442548002238569,0.7967393332125439,544.4318448593077,425.93211964897876,0.9986215600578147,183.59357564408072,8739.588615750547,0.9546001543274512,1.1557,83.82845938833579
69,34.52412846552091,2119286.38837939,752.4817964266565,1795.6569304685818,785.4366895312885,0.5442548002238569,0.7971081618774871,544.4799671379271,425.982954716703,0.9987111799921363,183.7001026950441,8738.457306886701,0.9546001543274512,1.1557,83.8182592876199
70,34.54126925130442,2120395.0001445627,752.5589266844369,1795.7505114767139,785.4366895312885,0.5442548002238569,0.7974857721773101,544.5292351850851,426.0350001431826,0.998802933734418,183.80916610436378,8737.299062097525,0.9546001543274512,1.1557,83.80781632736314
71,34.55841003708793,2121503.611909735,752.6360569422172,1795.8440924848458,785.4366895312885,0.5442548002238569,0.797863382477133,544.5785032322432,426.08704556966217,0.9988946874766997,183.91822951368346,8736.140817308351,0.9546001543274512,1.1557,83.79737336710639
72,34.57555082287145,2122612.223674908,752.7131871999976,1795.9376734929776,785.4366895312885,0.5442548002238569,0.7982409927769558,544.6277712794011,426.13909099614176,0.9989864412189814,184.02729292300313,8734.982572519175,0.9546001543274512,1.1557,83.78693040684965
73,34.59269160865496,2123720.83544008,752.790317457778,1796.0312545011095,785.4366895312885,0.5442548002238569,0.7986186030767788,544.6770393265592,426.19113642262135,0.999078194961263,184.13635633232278,8733.82432773,0.9546001543274512,1.1557,83.7764874465929
74,34.610231017363674,2124855.2288742103,752.8692414424835,1796.1270118117561,785.4366895312885,0.5442548002238569,0.7990049950114813,544.7274531422557,426.2443922078563,0.9991720825115048,184.24795609999873,8732.639147015496,0.9546001543274512,1.1557,83.76580162679528
75,34.62777042607238,2125989.6223083404,752.948165427189,1796.2227691224027,785.4366895312885,0.5442548002238569,0.7993913869461837,544.7778669579524,426.29764799309123,0.9992659700617466,184.3595558676747,8731.453966300991,0.9546001543274512,1.1557,83.75511580699768
76,34.629364917773174,2126092.74898417,752.9553403348895,1796.2314743324616,785.4366895312885,0.5442548002238569,0.7994265134857022,544.7824500321066,426.3024894281126,0.9992745052935866,184.36970130109975,8731.346222599672,0.9546001543274512,1.1557,83.75414436883426
77,34.63733737627713,2126608.3823633203,752.991214873392,1796.2750003827555,785.4366895312885,0.5442548002238569,0.7996021461832942,544.8053654028778,426.3266966032194,0.9993171814527875,184.4204284682252,8730.807504093078,0.9546001543274512,1.1557,83.74928717801717
78,34.645309834781095,2127124.01574247,753.0270894118945,1796.3185264330493,785.4366895312885,0.5442548002238569,0.7997777788808863,544.8282807736489,426.35090377832614,0.9993598576119882,184.4711556353506,8730.268785586486,0.9546001543274512,1.1557,83.74442998720008
79,34.65328229328505,2127639.64912162,753.0629639503969,1796.3620524833434,785.4366895312885,0.5442548002238569,0.7999534115784783,544.8511961444201,426.37511095343297,0.999402533771189,184.52188280247606,8729.730067079892,0.9546001543274512,1.1557,83.73957279638299
80,34.66125475178901,2128155.2825007704,753.0988384888994,1796.4055785336373,785.4366895312885,0.5442548002238569,0.8001290442760703,544.8741115151912,426.39931812853973,0.9994452099303898,184.57260996960147,8729.191348573298,0.9546001543274512,1.1557,83.7347156055659
81,34.66922721029297,2128670.91587992,753.134713027402,1796.449104583931,785.4366895312885,0.5442548002238569,0.8003046769736624,544.8970268859624,426.42352530364656,0.9994878860895906,184.62333713672692,8728.652630066706,0.9546001543274512,1.1557,83.7298584147488
82,34.67719966879693,2129186.5492590703,753.1705875659045,1796.4926306342252,785.4366895312885,0.5442548002238569,0.8004803096712545,544.9199422567335,426.4477324787533,0.9995305622487913,184.67406430385233,8728.113911560113,0.9546001543274512,1.1557,83.7250012239317
83,34.68517212730089,2129702.1826382205,753.2064621044069,1796.536156684519,785.4366895312885,0.5442548002238569,0.8006559423688465,544.9428576275047,426.4719396538601,0.9995732384079922,184.72479147097775,8727.575193053519,0.9546001543274512,1.1557,83.72014403311461
84,34.69314458580485,2130217.81601737,753.2423366429094,1796.5796827348129,785.4366895312885,0.5442548002238569,0.8008315750664385,544.965772998276,426.4961468289669,0.9996159145671929,184.7755186381032,8727.036474546927,0.9546001543274512,1.1557,83.71528684229752
85,34.70111704430881,2130733.4493965204,753.278211181412,1796.623208785107,785.4366895312885,0.5442548002238569,0.8010072077640306,544.988688369047,426.5203540040737,0.9996585907263937,184.8262458052286,8726.497756040333,0.9546001543274512,1.1557,83.71042965148042
86,34.70908950281277,2131249.0827756706,753.3140857199145,1796.6667348354008,785.4366895312885,0.5442548002238569,0.8011828404616226,545.0116037398183,426.54456117918045,0.9997012668855945,184.87697297235405,8725.959037533741,0.9546001543274512,1.1557,83.70557246066333
87,34.71706196131673,2131764.7161548203,753.3499602584169,1796.7102608856947,785.4366895312885,0.5442548002238569,0.8013584731592147,545.0345191105894,426.5687683542873,0.9997439430447953,184.92770013947947,8725.420319027147,0.9546001543274512,1.1557,83.70071526984624
88,34.72503441982069,2132280.3495339705,753.3858347969194,1796.7537869359885,785.4366895312885,0.5442548002238569,0.8015341058568067,545.0574344813606,426.59297552939404,0.999786619203996,184.9784273066049,8724.881600520554,0.9546001543274512,1.1557,83.69585807902915
89,34.73300687832465,2132795.98291312,753.421709335422,1796.7973129862826,785.4366895312885,0.5442548002238569,0.8017097385543988,545.0803498521318,426.61718270450086,0.9998292953631969,185.02915447373033,8724.342882013962,0.9546001543274512,1.1557,83.69100088821206
90,34.74097933682861,2133311.6162922704,753.4575838739245,1796.8408390365764,785.4366895312885,0.5442548002238569,0.8018853712519908,545.1032652229029,426.64138987960763,0.9998719715223976,185.07988164085577,8723.804163507368,0.9546001543274512,1.1557,83.68614369739495
91,34.748951795332566,2133827.2496714205,753.4934584124269,1796.8843650868703,785.4366895312885,0.5442548002238569,0.8020610039495829,545.1261805936741,426.6655970547144,0.9999146476815984,185.1306088079812,8723.265445000774,0.9546001543274512,1.1557,83.68128650657786
92,34.75692425383653,2134342.8830505703,753.5293329509294,1796.9278911371644,785.4366895312885,0.5442548002238569,0.8022366366471749,545.1490959644452,426.6898042298212,0.9999573238407993,185.18133597510663,8722.726726494182,0.9546001543274512,1.1557,83.67642931576077
93,34.76489671234049,2134858.5164297204,753.5652074894319,1796.9714171874582,785.4366895312885,0.5442548002238569,0.802412269344767,545.1720113352164,426.714011404928,1.0,185.23206314223205,8722.188007987588,0.9546001543274512,1.1557,83.67157212494368
94,34.76688181664442,2134985.6367226113,753.576361669839,1796.9801979152357,785.4366895312885,0.5442548002238569,0.8024689604376828,545.1781990916604,426.7164130280141,1.0,185.24621560448153,8721.939302382956,0.9546001543274512,1.1557,83.66894602296456
95,34.76971767993575,2135167.2371410266,753.5922962132776,1796.992741812061,785.4366895312885,0.5442548002238569,0.8025499477132769,545.1870387437232,426.71984391813703,1.0,185.26643340769508,8721.584008662056,0.9546001543274512,1.1557,83.66519444870868
96,34.77255354322708,2135348.837559442,753.6082307567161,1797.0052857088863,785.4366895312885,0.5442548002238569,0.8026309349888711,545.1958783957859,426.72327480826,1.0,185.28665121090862,8721.228714941153,0.9546001543274512,1.1557,83.66144287445279
97,34.775389406518414,2135530.4379778574,753.6241653001547,1797.0178296057115,785.4366895312885,0.5442548002238569,0.8027119222644652,545.2047180478488,426.72670569838294,1.0,185.30686901412216,8720.87342122025,0.9546001543274512,1.1557,83.6576913001969
98,34.77822526980975,2135712.038396273,753.6400998435934,1797.0303735025368,785.4366895312885,0.544254800223857,0.8027929095400593,545.2135576999116,426.7301365885059,1.0,185.3270868173357,8720.51812749935,0.9546001543274512,1.1557,83.65393972594102
99,34.78106113310108,2135893.6388146887,753.6560343870319,1797.042917399362,785.4366895312885,0.544254800223857,0.8028738968156535,545.2223973519743,426.73356747862886,1.0,185.34730462054927,8720.162833778448,0.9546001543274512,1.1557,83.65018815168513
100,34.783896996392414,2136075.239233104,753.6719689304705,1797.0554612961873,785.4366895312885,0.544254800223857,0.8029548840912476,545.2312370040372,426.73699836875187,1.0,185.3675224237628,8719.807540057547,0.9546001543274512,1.1557,83.64643657742924
101,34.786732859683745,2136256.8396515194,753.6879034739092,1797.0680051930124,785.4366895312885,0.544254800223857,0.8030358713668417,545.2400766561,426.7404292588748,1.0,185.38774022697635,8719.452246336645,0.9546001543274512,1.1557,83.64268500317336
102,34.789568722975076,2136438.440069935,753.7038380173477,1797.0805490898376,785.4366895312885,0.544254800223857,0.8031168586424359,545.2489163081627,426.7438601489978,1.0,185.4079580301899,8719.096952615742,0.9546001543274512,1.1557,83.63893342891747
103,34.792404586266414,2136620.04048835,753.7197725607863,1797.093092986663,785.4366895312885,0.544254800223857,0.80319784591803,545.2577559602256,426.74729103912074,1.0,185.42817583340343,8718.741658894842,0.9546001543274512,1.1557,83.63518185466158
104,34.795240449557745,2136801.6409067656,753.7357071042248,1797.1056368834882,785.4366895312885,0.544254800223857,0.8032788331936241,545.2665956122884,426.7507219292437,1.0,185.44839363661697,8718.38636517394,0.9546001543274512,1.1557,83.63143028040571
105,34.798076312849076,2136983.241325181,753.7516416476635,1797.1181807803134,785.4366895312885,0.544254800223857,0.8033598204692182,545.2754352643511,426.75415281936665,1.0,185.4686114398305,8718.031071453037,0.9546001543274512,1.1557,83.62767870614982
106,34.80091217614041,2137164.841743597,753.7675761911021,1797.1307246771387,785.4366895312885,0.5442548002238571,0.8034408077448123,545.284274916414,426.7575837094896,1.0,185.48882924304405,8717.675777732136,0.9546001543274512,1.1557,83.62392713189394
107,34.80374803943174,2137346.442162012,753.7835107345406,1797.1432685739637,785.4366895312885,0.5442548002238571,0.8035217950204064,545.2931145684768,426.7610145996126,1.0,185.50904704625762,8717.320484011234,0.9546001543274512,1.1557,83.62017555763805
108,34.80658390272308,2137528.0425804276,753.7994452779792,1797.155812470789,785.4366895312885,0.5442548002238571,0.8036027822960006,545.3019542205395,426.7644454897356,1.0,185.52926484947116,8716.965190290332,0.9546001543274512,1.1557,83.61642398338216
109,34.80941976601441,2137709.642998843,753.8153798214179,1797.1683563676143,785.4366895312885,0.5442548002238571,0.8036837695715947,545.3107938726024,426.76787637985854,1.0,185.5494826526847,8716.609896569431,0.9546001543274512,1.1557,83.61267240912628
110,34.81225562930574,2137891.2434172584,753.8313143648564,1797.1809002644395,785.4366895312885,0.5442548002238571,0.8037647568471888,545.3196335246652,426.7713072699815,1.0,185.56970045589824,8716.254602848529,0.9546001543274512,1.1557,83.60892083487039
111,34.81118301739199,2137823.556985047,753.8288203905868,1797.1778393249172,785.4366895312885,0.5442548002238571,0.8037386457408968,545.3179934616963,426.77067076032927,1.0,185.56340663311227,8716.292575097075,0.9546001543274512,1.1557,83.60927815782844
112,34.7575524217046,2134439.2353744996,753.7041216771056,1797.0247923487937,785.4366895312885,0.5442548002238571,0.8024330904262956,545.2359903132544,426.7388452777182,1.0,185.24871549381396,8718.191187524408,0.9546001543274512,1.1557,83.62714430573101
113,34.70392182601721,2131054.9137639515,753.5794229636243,1796.8717453726701,785.4366895312885,0.5442548002238571,0.8011275351116943,545.1539871648125,426.70701979510716,1.0,184.93402435451563,8720.08979995174,0.9546001543274512,1.1557,83.64501045363357
114,34.65029123032981,2127670.5921534034,753.4547242501432,1796.7186983965466,785.4366895312885,0.5442548002238571,0.7998219797970931,545.0719840163706,426.6751943124961,1.0,184.61933321521732,8721.988412379073,0.9546001543274512,1.1557,83.66287660153615
115,34.596660634642426,2124286.2705428554,753.3300255366619,1796.5656514204234,785.4366895312885,0.5442548002238571,0.7985164244824919,544.9899808679288,426.6433688298851,1.0,184.30464207591902,8723.887024806405,0.9546001543274512,1.1557,83.68074274943872
116,34.54303003895503,2120901.9489323073,753.2053268231806,1796.4126044442999,785.4366895312885,0.5442548002238571,0.7972108691678906,544.9079777194869,426.61154334727405,1.0,183.9899509366207,8725.785637233737,0.9546001543274512,1.1557,83.69860889734129
117,34.489399443267644,2117517.6273217592,753.0806281096994,1796.2595574681764,785.4366895312885,0.5442548002238571,0.7959053138532894,544.825974571045,426.579717864663,1.0,183.67525979732238,8727.68424966107,0.9546001543274512,1.1557,83.71647504524385
118,34.43576884758025,2114133.3057112116,752.9559293962182,1796.1065104920528,785.4366895312885,0.5442548002238571,0.7945997585386883,544.7439714226031,426.54789238205194,1.0,183.36056865802405,8729.582862088402,0.9546001543274512,1.1557,83.73434119314643
119,34.38213825189286,2110748.9841006636,752.8312306827369,1795.9534635159296,785.4366895312885,0.5442548002238571,0.793294203224087,544.6619682741612,426.5160668994409,1.0,183.04587751872575,8731.481474515735,0.9546001543274512,1.1557,83.752207341049
120,34.32850765620547,2107364.6624901155,752.7065319692557,1795.800416539806,785.4366895312885,0.5442548002238571,0.7919886479094858,544.5799651257192,426.48424141682983,1.0,182.7311863794274,8733.380086943067,0.9546001543274512,1.1557,83.77007348895157
121,34.27487706051808,2103980.3408795674,752.5818332557744,1795.6473695636826,785.4366895312885,0.5442548002238571,0.7906830925948846,544.4979619772774,426.4524159342188,1.0,182.4164952401291,8735.2786993704,0.9546001543274512,1.1557,83.78793963685413
122,34.221246464830685,2100596.0192690194,752.4571345422933,1795.494322587559,785.4366895312885,0.5442548002238571,0.7893775372802833,544.4159588288355,426.4205904516078,1.0,182.10180410083078,8737.177311797732,0.9546001543274512,1.1557,83.80580578475671
123,34.1676158691433,2097211.6976584713,752.332435828812,1795.3412756114358,785.4366895312885,0.5442548002238571,0.7880719819656821,544.3339556803936,426.3887649689967,1.0,181.78711296153247,8739.075924225064,0.9546001543274512,1.1557,83.82367193265928
124,34.1139852734559,2093827.3760479235,752.2077371153307,1795.1882286353123,785.4366895312885,0.5442548002238571,0.7867664266510809,544.2519525319517,426.35693948638567,1.0,181.47242182223417,8740.974536652397,0.9546001543274512,1.1557,83.84153808056185
125,34.060354677768515,2090443.0544373754,752.0830384018495,1795.0351816591888,785.4366895312885,0.5442548002238571,0.7854608713364796,544.1699493835098,426.3251140037746,1.0,181.15773068293583,8742.873149079729,0.9546001543274512,1.1557,83.85940422846441
126,34.00672408208112,2087058.7328268273,751.9583396883683,1794.8821346830653,785.4366895312885,0.5442548002238571,0.7841553160218784,544.0879462350679,426.29328852116356,1.0,180.84303954363753,8744.771761507061,0.9546001543274512,1.1557,83.87727037636698
127,33.953093486393726,2083674.4112162795,751.8336409748871,1794.7290877069418,785.4366895312885,0.5442548002238571,0.7828497607072772,544.0059430866261,426.2614630385525,1.0,180.5283484043392,8746.670373934396,0.9546001543274512,1.1557,83.89513652426956
128,33.89946289070634,2080290.0896057314,751.7089422614058,1794.5760407308185,785.4366895312885,0.5442548002238571,0.7815442053926759,543.9239399381842,426.22963755594145,1.0,180.2136572650409,8748.568986361728,0.9546001543274512,1.1557,83.91300267217213
129,33.845832295018944,2076905.7679951834,751.5842435479245,1794.422993754695,785.4366895312885,0.5442548002238571,0.7802386500780747,543.8419367897422,426.1978120733304,1.0,179.89896612574256,8750.46759878906,0.9546001543274512,1.1557,83.93086882007469
130,33.79220169933156,2073521.4463846355,751.4595448344434,1794.2699467785715,785.4366895312885,0.5442548002238571,0.7789330947634735,543.7599336413003,426.1659865907194,1.0,179.58427498644426,8752.366211216393,0.9546001543274512,1.1557,83.94873496797726
131,33.73857110364416,2070137.1247740875,751.3348461209621,1794.116899802448,785.4366895312885,0.5442548002238571,0.7776275394488722,543.6779304928584,426.13416110810834,1.0,179.26958384714592,8754.264823643725,0.9546001543274512,1.1557,83.96660111587984
132,33.684940507956775,2066752.8031635394,751.2101474074809,1793.9638528263247,785.4366895312885,0.5442548002238571,0.776321984134271,543.5959273444165,426.1023356254973,1.0,178.95489270784762,8756.163436071058,0.9546001543274512,1.1557,83.9844672637824
133,33.63130991226938,2063368.4815529916,751.0854486939996,1793.8108058502012,785.4366895312885,0.5442548002238571,0.7750164288196698,543.5139241959747,426.07051014288623,1.0,178.64020156854932,8758.06204849839,0.9546001543274512,1.1557,84.00233341168497
134,33.57767931658199,2059984.1599424435,750.9607499805184,1793.6577588740777,785.4366895312885,0.5442548002238571,0.7737108735050685,543.4319210475328,426.0386846602752,1.0,178.32551042925098,8759.960660925723,0.9546001543274512,1.1557,84.02019955958754
135,33.5240487208946,2056599.8383318954,750.8360512670372,1793.5047118979542,785.4366895312885,0.5442548002238571,0.7724053181904673,543.3499178990909,426.0068591776641,1.0,178.01081928995268,8761.859273353055,0.9546001543274512,1.1557,84.03806570749012
136,33.47041812520721,2053215.5167213473,750.7113525535559,1793.351664921831,785.4366895312885,0.5442548002238571,0.7710997628758661,543.267914750649,425.97503369505307,1.0,177.69612815065435,8763.757885780387,0.9546001543274512,1.1557,84.05593185539269
137,33.416787529519816,2049831.1951107995,750.5866538400746,1793.1986179457074,785.4366895312885,0.5442548002238571,0.7697942075612648,543.185911602207,425.943208212442,1.0,177.38143701135604,8765.65649820772,0.9546001543274512,1.1557,84.07379800329525
138,33.36315693383243,2046446.8735002514,750.4619551265935,1793.0455709695839,785.4366895312885,0.5442548002238571,0.7684886522466636,543.1039084537651,425.911382729831,1.0,177.0667458720577,8767.555110635052,0.9546001543274512,1.1557,84.09166415119782
139,33.309526338145034,2043062.5518897034,750.3372564131122,1792.8925239934604,785.4366895312885,0.5442548002238571,0.7671830969320624,543.0219053053233,425.87955724721996,1.0,176.7520547327594,8769.453723062385,0.9546001543274512,1.1557,84.1095302991004
140,33.25589574245764,2039678.2302791555,750.212557699631,1792.739477017337,785.4366895312885,0.5442548002238571,0.7658775416174611,542.9399021568814,425.8477317646089,1.0,176.43736359346107,8771.352335489717,0.9546001543274512,1.1557,84.12739644700297
141,33.20226514677025,2036293.9086686075,750.0878589861497,1792.5864300412136,785.4366895312885,0.5442548002238571,0.7645719863028599,542.8578990084395,425.81590628199785,1.0,176.12267245416277,8773.25094791705,0.9546001543274512,1.1557,84.14526259490553
142,32.30968344510368,1963302.2882645335,740.7307976216599,1761.43662041127,785.4366895312885,0.5442548002238572,0.7598605555439991,533.5172629717601,421.75630846068503,0.9988593893099607,173.42218452099533,8559.528468703931,0.9546001543274512,1.1557,80.83940759637566
143,31.016086776021687,1857517.3311571793,727.1698391223991,1716.2919687736705,785.4366895312885,0.5442548002238573,0.7530323950239111,519.9801092954132,415.8728333573331,0.9972063303388891,169.50843389321642,8249.785745206656,0.9546001543274512,1.1557,76.04831339560772
144,29.62520970237335,1750144.247553785,713.4357873500428,1669.8213500337092,785.4366895312885,0.5442548002238572,0.763133458920793,507.2395051857333,398.8270882815907,0.9627688855365713,164.6024833417409,8019.428108272673,0.9546001543274512,1.1557,71.53784305840058
145,28.234332628725017,1642771.1639503906,699.7017355776866,1623.3507312937477,785.4366895312885,0.5442548002238572,0.773234522817675,494.4989010760534,381.78134320584826,0.9283314407342536,159.6965327902654,7789.070471338689,0.9546001543274512,1.1557,67.02737272119344
146,26.84345555507668,1535398.0803469964,685.9676838053302,1576.8801125537864,785.4366895312885,0.5442548002238571,0.7833355867145569,481.75829696637356,364.73559813010587,0.8938939959319357,154.79058223878988,7558.712834404705,0.9546001543274512,1.1557,62.5169023839863
147,26.820778101882297,1534015.6264755859,685.8778137262705,1576.7134100786923,785.4366895312885,0.5442548002238571,0.7825431789788629,481.68749822296706,364.7762806641182,0.8940839942866259,154.65116352452395,7558.697347806837,0.9546001543274512,1.1557,62.51628731603471
148,26.79810064868791,1532633.1726041753,685.7879436472108,1576.5467076035982,785.4366895312885,0.5442548002238571,0.7817507712431689,481.6166994795606,364.81696319813057,0.8942739926413161,154.51174481025802,7558.681861208969,0.9546001543274512,1.1557,62.515672248083135
149,26.775423195493527,1531250.7187327647,685.698073568151,1576.3800051285039,785.4366895312885,0.5442548002238571,0.7809583635074749,481.5459007361541,364.8576457321429,0.8944639909960063,154.3723260959921,7558.666374611101,0.9546001543274512,1.1557,62.51505718013155
150,26.752745742299144,1529868.2648613541,685.6082034890914,1576.2133026534098,785.4366895312885,0.5442548002238571,0.7801659557717808,481.4751019927476,364.8983282661552,0.8946539893506965,154.23290738172614,7558.650888013233,0.9546001543274512,1.1557,62.51444211217997
151,26.730068289104757,1528485.8109899436,685.5183334100316,1576.0466001783157,785.4366895312885,0.5442548002238571,0.7793735480360868,481.4043032493412,364.9390108001676,0.8948439877053866,154.0934886674602,7558.635401415365,0.9546001543274512,1.1557,62.513827044228385
152,26.707390835910374,1527103.357118533,685.4284633309719,1575.8798977032216,785.4366895312885,0.5442548002238571,0.7785811403003928,481.3335045059347,364.9796933341799,0.8950339860600769,153.95406995319428,7558.619914817497,0.9546001543274512,1.1557,62.51321197627681
153,26.684713382715987,1525720.9032471224,685.3385932519121,1575.7131952281272,785.4366895312885,0.5442548002238571,0.7777887325646988,481.26270576252824,365.0203758681922,0.895223984414767,153.81465123892835,7558.604428219629,0.9546001543274512,1.1557,62.51259690832522
154,26.662035929521604,1524338.4493757116,685.2487231728525,1575.5464927530331,785.4366895312885,0.5442548002238571,0.7769963248290048,481.19190701912174,365.0610584022046,0.8954139827694573,153.67523252466242,7558.5889416217615,0.9546001543274512,1.1557,62.51198184037364
155,26.653191722775794,1523799.2923658616,685.2136738420191,1575.4814787877465,785.4366895312885,0.5442548002238571,0.7766872858120841,481.1642955091932,365.0769245904694,0.8954880821277864,153.6208592260987,7558.582901848593,0.9546001543274512,1.1557,62.511741963872524
156,26.63590813704819,1522752.5905991776,685.142992020191,1575.3626013145658,785.4366895312885,0.5442548002238571,0.776100332456865,481.1107674948322,365.1065372346613,0.895629405345187,153.5167654950553,7558.528298655481,0.9546001543274512,1.1557,62.51116634582921
157,26.618624551320586,1521705.8888324937,685.0723101983626,1575.243723841385,785.4366895312885,0.5442548002238571,0.7755133791016459,481.0572394804712,365.13614987885313,0.8957707285625877,153.4126717640119,7558.47369546237,0.9546001543274512,1.1557,62.5105907277859
158,26.601340965592982,1520659.1870658097,685.0016283765344,1575.1248463682043,785.4366895312885,0.5442548002238571,0.7749264257464268,481.00371146611025,365.16576252304503,0.8959120517799882,153.30857803296848,7558.419092269259,0.9546001543274512,1.1557,62.51001510974259
159,26.584057379865378,1519612.4852991258,684.9309465547062,1575.0059688950237,785.4366895312885,0.5442548002238571,0.7743394723912077,480.95018345174924,365.1953751672369,0.8960533749973889,153.20448430192508,7558.364489076147,0.9546001543274512,1.1557,62.50943949169928
160,26.56677379413777,1518565.7835324418,684.860264732878,1574.8870914218428,785.4366895312885,0.5442548002238571,0.7737525190359886,480.89665543738823,365.2249878114288,0.8961946982147895,153.10039057088167,7558.309885883035,0.9546001543274512,1.1557,62.50886387365597
161,26.549490208410166,1517519.0817657579,684.7895829110497,1574.7682139486622,785.4366895312885,0.5442548002238571,0.7731655656807694,480.8431274230272,365.2546004556206,0.89633602143219,152.99629683983827,7558.255282689925,0.9546001543274512,1.1557,62.50828825561266
162,26.532206622682562,1516472.3799990737,684.7189010892215,1574.6493364754815,785.4366895312885,0.5442548002238571,0.7725786123255504,480.7895994086662,365.2842130998125,0.8964773446495907,152.89220310879486,7558.200679496813,0.9546001543274512,1.1557,62.50771263756935
163,26.514923036954958,1515425.6782323897,684.6482192673933,1574.5304590023006,785.4366895312885,0.5442548002238571,0.7719916589703313,480.7360713943052,365.31382574400436,0.8966186678669913,152.78810937775148,7558.146076303701,0.9546001543274512,1.1557,62.50713701952604
164,26.497639451227354,1514378.9764657058,684.577537445565,1574.41158152912,785.4366895312885,0.5442548002238571,0.7714047056151121,480.68254337994426,365.34343838819626,0.896759991084392,152.68401564670808,7558.0914731105895,0.9546001543274512,1.1557,62.50656140148273
165,26.48035586549975,1513332.2746990218,684.5068556237368,1574.2927040559393,785.4366895312885,0.5442548002238571,0.770817752259893,480.62901536558326,365.3730510323881,0.8969013143017925,152.57992191566467,7558.036869917479,0.9546001543274512,1.1557,62.50598578343942
166,26.463072279772145,1512285.5729323379,684.4361738019086,1574.1738265827585,785.4366895312885,0.5442548002238571,0.7702307989046739,480.57548735122225,365.40266367658,0.8970426375191932,152.47582818462126,7557.982266724367,0.9546001543274512,1.1557,62.50541016539611
167,26.44578869404454,1511238.871165654,684.3654919800804,1574.0549491095778,785.4366895312885,0.5442548002238571,0.7696438455494549,480.52195933686124,365.43227632077185,0.8971839607365938,152.37173445357786,7557.927663531255,0.9546001543274512,1.1557,62.50483454735279
168,26.428505108316937,1510192.16939897,684.2948101582521,1573.936071636397,785.4366895312885,0.5442548002238571,0.7690568921942357,480.46843132250024,365.46188896496375,0.8973252839539944,152.26764072253445,7557.873060338144,0.9546001543274512,1.1557,62.504258929309486
169,26.411221522589333,1509145.467632286,684.2241283364239,1573.8171941632163,785.4366895312885,0.5442548002238571,0.7684699388390166,480.41490330813923,365.49150160915565,0.897466607171395,152.16354699149105,7557.818457145033,0.9546001543274512,1.1557,62.50368331126617
170,26.393937936861725,1508098.765865602,684.1534465145957,1573.6983166900357,785.4366895312885,0.5442548002238571,0.7678829854837975,480.3613752937783,365.5211142533475,0.8976079303887956,152.05945326044764,7557.763853951921,0.9546001543274512,1.1557,62.503107693222866
171,26.37665435113412,1507052.064098918,684.0827646927675,1573.5794392168548,785.4366895312885,0.5442548002238571,0.7672960321285784,480.3078472794173,365.5507268975394,0.8977492536061963,151.95535952940423,7557.7092507588095,0.9546001543274512,1.1557,62.50253207517955
172,26.359370765406517,1506005.3623322342,684.0120828709391,1573.4605617436741,785.4366895312885,0.5442548002238571,0.7667090787733593,480.25431926505627,365.58033954173123,0.8978905768235969,151.85126579836083,7557.654647565698,0.9546001543274512,1.1557,62.501956457136245
173,26.342087179678913,1504958.6605655502,683.9414010491109,1573.3416842704935,785.4366895312885,0.5442548002238571,0.7661221254181402,480.20079125069526,365.60995218592313,0.8980319000409974,151.74717206731742,7557.600044372587,0.9546001543274512,1.1557,62.50138083909293
174,26.32480359395131,1503911.958798866,683.8707192272827,1573.2228067973126,785.4366895312885,0.5442548002238571,0.7655351720629211,480.14726323633425,365.639564830115,0.8981732232583981,151.64307833627402,7557.545441179475,0.9546001543274512,1.1557,62.500805221049625
175,26.307520008223705,1502865.257032182,683.8000374054544,1573.103929324132,785.4366895312885,0.5442548002238571,0.7649482187077019,480.0937352219733,365.6691774743069,0.8983145464757987,151.5389846052306,7557.490837986364,0.9546001543274512,1.1557,62.50022960300631
176,26.2902364224961,1501818.555265498,683.7293555836262,1572.9850518509513,785.4366895312885,0.5442548002238571,0.7643612653524828,480.0402072076123,365.6987901184987,0.8984558696931993,151.4348908741872,7557.436234793252,0.9546001543274512,1.1557,62.499653984963004
177,26.272952836768496,1500771.8534988142,683.658673761798,1572.8661743777704,785.4366895312885,0.5442548002238571,0.7637743119972638,479.9866791932513,365.7284027626906,0.8985971929105999,151.3307971431438,7557.381631600141,0.9546001543274512,1.1557,62.49907836691969
178,26.255669251040892,1499725.1517321302,683.5879919399698,1572.7472969045898,785.4366895312885,0.5442548002238571,0.7631873586420447,479.9331511788903,365.75801540688246,0.8987385161280005,151.2267034121004,7557.3270284070295,0.9546001543274512,1.1557,62.49850274887638
179,26.238385665313288,1498678.4499654463,683.5173101181415,1572.6284194314092,785.4366895312885,0.5442548002238571,0.7626004052868255,479.8796231645293,365.78762805107436,0.8988798393454012,151.122609681057,7557.272425213918,0.9546001543274512,1.1557,62.49792713083307
180,26.229225364877657,1498123.6980291037,683.4798487525726,1572.5654143706233,785.4366895312885,0.5442548002238571,0.7622893200085594,479.85125331691796,365.80332275249606,0.8989547406506235,151.067440003604,7557.243485521569,0.9546001543274512,1.1557,62.49762205327011
181,26.211941779150052,1497076.9962624197,683.4091669307444,1572.4465368974425,785.4366895312885,0.5442548002238571,0.7617023666533402,479.79772530255696,365.8329353966879,0.8990960638680241,150.96334627256059,7557.188882328457,0.9546001543274512,1.1557,62.49704643522681
182,26.19465819342245,1496030.2944957358,683.3384851089161,1572.3276594242618,785.4366895312885,0.5442548002238571,0.7611154132981212,479.74419728819595,365.8625480408798,0.8992373870854247,150.85925254151718,7557.134279135345,0.9546001543274512,1.1557,62.49647081718349
183,26.177374607694844,1494983.5927290518,683.2678032870879,1572.2087819510812,785.4366895312885,0.5442548002238571,0.7605284599429021,479.690669273835,365.8921606850717,0.8993787103028253,150.75515881047377,7557.079675942235,0.9546001543274512,1.1557,62.495895199140186
184,26.160091021967236,1493936.8909623679,683.1971214652597,1572.0899044779003,785.4366895312885,0.5442548002238571,0.759941506587683,479.637141259474,365.92177332926354,0.8995200335202259,150.65106507943037,7557.025072749123,0.9546001543274512,1.1557,62.49531958109687
185,26.142807436239632,1492890.189195684,683.1264396434314,1571.9710270047196,785.4366895312885,0.5442548002238571,0.7593545532324638,479.583613245113,365.95138597345544,0.8996613567376266,150.546971348387,7556.970469556011,0.9546001543274512,1.1557,62.49474396305356
186,26.125523850512028,1491843.487429,683.0557578216032,1571.852149531539,785.4366895312885,0.5442548002238571,0.7587675998772447,479.530085230752,365.9809986176473,0.8998026799550272,150.44287761734358,7556.9158663629,0.9546001543274512,1.1557,62.49416834501025
187,26.108240264784424,1490796.785662316,682.985075999775,1571.7332720583581,785.4366895312885,0.5442548002238571,0.7581806465220257,479.476557216391,366.0106112618392,0.8999440031724277,150.33878388630018,7556.861263169789,0.9546001543274512,1.1557,62.49359272696694
188,26.09095667905682,1489750.083895632,682.9143941779467,1571.6143945851775,785.4366895312885,0.5442548002238571,0.7575936931668066,479.42302920202997,366.04022390603103,0.9000853263898284,150.23469015525677,7556.806659976677,0.9546001543274512,1.1557,62.49301710892363
189,26.073673093329216,1488703.382128948,682.8437123561184,1571.4955171119968,785.4366895312885,0.5442548002238571,0.7570067398115874,479.369501187669,366.06983655022293,0.900226649607229,150.13059642421337,7556.752056783565,0.9546001543274512,1.1557,62.49244149088032
190,26.05638950760161,1487656.680362264,682.7730305342902,1571.376639638816,785.4366895312885,0.5442548002238571,0.7564197864563683,479.315973173308,366.0994491944148,0.9003679728246297,150.02650269316996,7556.697453590454,0.9546001543274512,1.1557,62.49186587283701
191,26.039105921874008,1486609.97859558,682.702348712462,1571.2577621656353,785.4366895312885,0.5442548002238571,0.7558328331011492,479.262445158947,366.1290618386067,0.9005092960420302,149.92240896212655,7556.642850397343,0.9546001543274512,1.1557,62.4912902547937
192,26.021822336146403,1485563.276828896,682.6316668906337,1571.1388846924547,785.4366895312885,0.5442548002238571,0.75524587974593,479.208917144586,366.1586744827985,0.9006506192594308,149.81831523108315,7556.588247204231,0.9546001543274512,1.1557,62.49071463675039
193,26.0045387504188,1484516.575062212,682.5609850688055,1571.0200072192738,785.4366895312885,0.5442548002238571,0.754658926390711,479.155389130225,366.1882871269904,0.9007919424768315,149.71422150003974,7556.53364401112,0.9546001543274512,1.1557,62.490139018707076
194,25.98725516469119,1483469.873295528,682.4903032469773,1570.9011297460931,785.4366895312885,0.5442548002238571,0.7540719730354919,479.10186111586404,366.21789977118226,0.900933265694232,149.61012776899634,7556.479040818008,0.9546001543274512,1.1557,62.48956340066377
195,25.969971578963587,1482423.1715288442,682.4196214251491,1570.7822522729125,785.4366895312885,0.5442548002238571,0.7534850196802728,479.04833310150303,366.24751241537416,0.9010745889116327,149.50603403795293,7556.424437624897,0.9546001543274512,1.1557,62.488987782620455
196,25.952687993235983,1481376.4697621602,682.3489396033208,1570.6633747997316,785.4366895312885,0.5442548002238571,0.7528980663250536,478.994805087142,366.27712505956606,0.9012159121290333,149.40194030690952,7556.369834431785,0.9546001543274512,1.1557,62.48841216457715
197,25.93540440750838,1480329.7679954763,682.2782577814926,1570.544497326551,785.4366895312885,0.5442548002238571,0.7523111129698346,478.941277072781,366.3067377037579,0.9013572353464339,149.29784657586612,7556.315231238674,0.9546001543274512,1.1557,62.487836546533835
198,25.918120821780775,1479283.0662287923,682.2075759596644,1570.42561985337,785.4366895312885,0.5442548002238571,0.7517241596146155,478.88774905842,366.3363503479498,0.9014985585638345,149.1937528448227,7556.260628045562,0.9546001543274512,1.1557,62.48726092849052
199,25.90083723605317,1478236.3644621084,682.1368941378362,1570.3067423801895,785.4366895312885,0.5442548002238571,0.7511372062593964,478.834221044059,366.36596299214165,0.9016398817812351,149.0896591137793,7556.206024852451,0.9546001543274512,1.1557,62.486685310447214
200,25.883553650325567,1477189.6626954244,682.0662123160079,1570.1878649070088,785.4366895312885,0.5442548002238571,0.7505502529041772,478.78069302969806,366.39557563633355,0.9017812049986358,148.9855653827359,7556.15142165934,0.9546001543274512,1.1557,62.4861096924039
201,25.866270064597963,1476142.9609287404,681.9955304941797,1570.068987433828,785.4366895312885,0.5442548002238571,0.7499632995489581,478.72716501533705,366.4251882805254,0.9019225282160364,148.88147165169252,7556.096818466228,0.9546001543274512,1.1557,62.485534074360594
202,25.84898647887036,1475096.2591620563,681.9248486723515,1569.9501099606473,785.4366895312885,0.5442548002238571,0.749376346193739,478.67363700097604,366.4548009247173,0.902063851433437,148.77737792064912,7556.042215273116,0.9546001543274512,1.1557,62.48495845631728
203,25.831702893142754,1474049.5573953723,681.8541668505231,1569.8312324874667,785.4366895312885,0.5442548002238571,0.7487893928385199,478.62010898661504,366.48441356890913,0.9022051746508376,148.6732841896057,7555.987612080005,0.9546001543274512,1.1557,62.48438283827397
204,25.814419307415147,1473002.8556286884,681.7834850286949,1569.7123550142858,785.4366895312885,0.5442548002238571,0.7482024394833008,478.56658097225403,366.51402621310103,0.9023464978682382,148.5691904585623,7555.933008886894,0.9546001543274512,1.1557,62.48380722023066
205,25.797135721687543,1471956.1538620044,681.7128032068667,1569.5934775411051,785.4366895312885,0.5442548002238571,0.7476154861280817,478.513052957893,366.5436388572929,0.9024878210856389,148.4650967275189,7555.878405693782,0.9546001543274512,1.1557,62.48323160218735
206,25.77985213595994,1470909.4520953204,681.6421213850385,1569.4746000679245,785.4366895312885,0.5442548002238571,0.7470285327728626,478.4595249435321,366.5732515014848,0.9026291443030394,148.3610029964755,7555.82380250067,0.9546001543274512,1.1557,62.48265598414404
207,25.762568550232334,1469862.7503286365,681.5714395632102,1569.3557225947436,785.4366895312885,0.5442548002238571,0.7464415794176434,478.40599692917107,366.6028641456766,0.9027704675204401,148.25690926543209,7555.76919930756,0.9546001543274512,1.1557,62.48208036610073
208,25.74528496450473,1468816.0485619525,681.500757741382,1569.236845121563,785.4366895312885,0.5442548002238571,0.7458546260624244,478.35246891481006,366.6324767898685,0.9029117907378407,148.15281553438868,7555.714596114448,0.9546001543274512,1.1557,62.48150474805742
